SkuId,Date,ForecastQty,CI_Lower,CI_Upper,ProductGroup,SubGroup,PlantId
AT5X5K,2023-08-10,2287.09234,257.0,3075.0,A,AT,1921.0
AT5X5K,2023-08-11,1538.8003400000002,16.0,3075.0,A,AT,1921.0
AT5X5K,2023-08-12,75.50251,16.0,74.0017000000004,A,AT,1921.0
AT5X5K,2023-08-13,1114.8040066666667,381.0000000000001,2041.0,A,AT,1921.0
AT5X5K,2023-08-14,3964.681256666667,257.0,13188.0,A,AT,1921.0
AT5X5K,2023-08-15,4256.58834,655.0,13188.0,A,AT,1921.0
AT5X5K,2023-08-16,4107.66224,655.0,13188.0,A,AT,1921.0
AT5X5K,2023-08-17,2287.09234,257.0,3075.0,A,AT,1921.0
AT5X5K,2023-08-18,1538.8003400000002,16.0,3075.0,A,AT,1921.0
AT5X5K,2023-08-19,75.50251,16.0,74.0017000000004,A,AT,1921.0
AT5X5K,2023-08-20,1114.8040066666667,381.0000000000001,2041.0,A,AT,1921.0
AT5X5K,2023-08-21,3964.681256666667,257.0,13188.0,A,AT,1921.0
AT5X5K,2023-08-22,4256.58834,655.0,13188.0,A,AT,1921.0
AT5X5K,2023-08-23,4107.66224,655.0,13188.0,A,AT,1921.0
AT5X5K,2023-08-24,2287.09234,257.0,3075.0,A,AT,1921.0
AT5X5K,2023-08-25,1538.8003400000002,16.0,3075.0,A,AT,1921.0
AT5X5K,2023-08-26,75.50251,16.0,74.0017000000004,A,AT,1921.0
AT5X5K,2023-08-27,1114.8040066666667,381.0000000000001,2041.0,A,AT,1921.0
AT5X5K,2023-08-28,3964.681256666667,257.0,13188.0,A,AT,1921.0
AT5X5K,2023-08-29,4256.58834,655.0,13188.0,A,AT,1921.0
AT5X5K,2023-08-30,4107.66224,655.0,13188.0,A,AT,1921.0
AT5X5K,2023-08-31,2287.09234,257.0,3075.0,A,AT,1921.0
AT5X5K,2023-09-01,1538.8003400000002,16.0,3075.0,A,AT,1921.0
AT5X5K,2023-09-02,75.50251,16.0,74.0017000000004,A,AT,1921.0
AT5X5K,2023-09-03,1114.8040066666667,381.0000000000001,2041.0,A,AT,1921.0
AT5X5K,2023-09-04,3964.681256666667,257.0,13188.0,A,AT,1921.0
AT5X5K,2023-09-05,4256.58834,655.0,13188.0,A,AT,1921.0
AT5X5K,2023-09-06,4107.66224,655.0,13188.0,A,AT,1921.0
AT5X5K,2023-09-07,2287.09234,257.0,3075.0,A,AT,1921.0
AT5X5K,2023-09-08,1538.8003400000002,16.0,3075.0,A,AT,1921.0
ATN01K24P,2023-08-10,3749.600796666666,269.41700000000003,13188.0,A,ATN,1916.0
ATN01K24P,2023-08-11,1922.9969466666669,115.417,3269.0,A,ATN,1916.0
ATN01K24P,2023-08-12,298.2967266666667,115.417,660.0,A,ATN,1916.0
ATN01K24P,2023-08-13,2708.244233333334,271.8712,3881.0,A,ATN,1916.0
ATN01K24P,2023-08-14,7229.241256666666,2721.0,13188.0,A,ATN,1916.0
ATN01K24P,2023-08-15,7316.66834,2721.0,13188.0,A,ATN,1916.0
ATN01K24P,2023-08-16,7034.539326666666,2721.0,13188.0,A,ATN,1916.0
ATN01K24P,2023-08-17,3749.600796666666,269.41700000000003,13188.0,A,ATN,1916.0
ATN01K24P,2023-08-18,1922.9969466666669,115.417,3269.0,A,ATN,1916.0
ATN01K24P,2023-08-19,298.2967266666667,115.417,660.0,A,ATN,1916.0
ATN01K24P,2023-08-20,2708.244233333334,271.8712,3881.0,A,ATN,1916.0
ATN01K24P,2023-08-21,7229.241256666666,2721.0,13188.0,A,ATN,1916.0
ATN01K24P,2023-08-22,7316.66834,2721.0,13188.0,A,ATN,1916.0
ATN01K24P,2023-08-23,7034.539326666666,2721.0,13188.0,A,ATN,1916.0
ATN01K24P,2023-08-24,3749.600796666666,269.41700000000003,13188.0,A,ATN,1916.0
ATN01K24P,2023-08-25,1922.9969466666669,115.417,3269.0,A,ATN,1916.0
ATN01K24P,2023-08-26,298.2967266666667,115.417,660.0,A,ATN,1916.0
ATN01K24P,2023-08-27,2708.244233333334,271.8712,3881.0,A,ATN,1916.0
ATN01K24P,2023-08-28,7229.241256666666,2721.0,13188.0,A,ATN,1916.0
ATN01K24P,2023-08-29,7316.66834,2721.0,13188.0,A,ATN,1916.0
ATN01K24P,2023-08-30,7034.539326666666,2721.0,13188.0,A,ATN,1916.0
ATN01K24P,2023-08-31,3749.600796666666,269.41700000000003,13188.0,A,ATN,1916.0
ATN01K24P,2023-09-01,1922.9969466666669,115.417,3269.0,A,ATN,1916.0
ATN01K24P,2023-09-02,298.2967266666667,115.417,660.0,A,ATN,1916.0
ATN01K24P,2023-09-03,2708.244233333334,271.8712,3881.0,A,ATN,1916.0
ATN01K24P,2023-09-04,7229.241256666666,2721.0,13188.0,A,ATN,1916.0
ATN01K24P,2023-09-05,7316.66834,2721.0,13188.0,A,ATN,1916.0
ATN01K24P,2023-09-06,7034.539326666666,2721.0,13188.0,A,ATN,1916.0
ATN01K24P,2023-09-07,3749.600796666666,269.41700000000003,13188.0,A,ATN,1916.0
ATN01K24P,2023-09-08,1922.9969466666669,115.417,3269.0,A,ATN,1916.0
ATN02K12P,2023-08-10,1517.2559166666667,165.0,3269.0,A,ATN,1911.0
ATN02K12P,2023-08-11,1367.53756,115.417,3269.0,A,ATN,1911.0
ATN02K12P,2023-08-12,308.41691,257.7503,498.0,A,ATN,1911.0
ATN02K12P,2023-08-13,507.13254333333333,41.0,589.25,A,ATN,1911.0
ATN02K12P,2023-08-14,1711.0212766666666,42.29166666666666,3269.0,A,ATN,1911.0
ATN02K12P,2023-08-15,1869.07631,165.0,3269.0,A,ATN,1911.0
ATN02K12P,2023-08-16,1899.9718800000003,165.0,3269.0,A,ATN,1911.0
ATN02K12P,2023-08-17,1517.2559166666667,165.0,3269.0,A,ATN,1911.0
ATN02K12P,2023-08-18,1367.53756,115.417,3269.0,A,ATN,1911.0
ATN02K12P,2023-08-19,308.41691,257.7503,498.0,A,ATN,1911.0
ATN02K12P,2023-08-20,507.13254333333333,41.0,589.25,A,ATN,1911.0
ATN02K12P,2023-08-21,1711.0212766666666,42.29166666666666,3269.0,A,ATN,1911.0
ATN02K12P,2023-08-22,1869.07631,165.0,3269.0,A,ATN,1911.0
ATN02K12P,2023-08-23,1899.9718800000003,165.0,3269.0,A,ATN,1911.0
ATN02K12P,2023-08-24,1517.2559166666667,165.0,3269.0,A,ATN,1911.0
ATN02K12P,2023-08-25,1367.53756,115.417,3269.0,A,ATN,1911.0
ATN02K12P,2023-08-26,308.41691,257.7503,498.0,A,ATN,1911.0
ATN02K12P,2023-08-27,507.13254333333333,41.0,589.25,A,ATN,1911.0
ATN02K12P,2023-08-28,1711.0212766666666,42.29166666666666,3269.0,A,ATN,1911.0
ATN02K12P,2023-08-29,1869.07631,165.0,3269.0,A,ATN,1911.0
ATN02K12P,2023-08-30,1899.9718800000003,165.0,3269.0,A,ATN,1911.0
ATN02K12P,2023-08-31,1517.2559166666667,165.0,3269.0,A,ATN,1911.0
ATN02K12P,2023-09-01,1367.53756,115.417,3269.0,A,ATN,1911.0
ATN02K12P,2023-09-02,308.41691,257.7503,498.0,A,ATN,1911.0
ATN02K12P,2023-09-03,507.13254333333333,41.0,589.25,A,ATN,1911.0
ATN02K12P,2023-09-04,1711.0212766666666,42.29166666666666,3269.0,A,ATN,1911.0
ATN02K12P,2023-09-05,1869.07631,165.0,3269.0,A,ATN,1911.0
ATN02K12P,2023-09-06,1899.9718800000003,165.0,3269.0,A,ATN,1911.0
ATN02K12P,2023-09-07,1517.2559166666667,165.0,3269.0,A,ATN,1911.0
ATN02K12P,2023-09-08,1367.53756,115.417,3269.0,A,ATN,1911.0
ATPA1K24P,2023-08-10,666.07003,10.0,3269.0,A,ATPA,1911.0
ATPA1K24P,2023-08-11,606.02337,10.0,3269.0,A,ATPA,1911.0
ATPA1K24P,2023-08-12,253.74976999999998,10.0,498.0,A,ATPA,1911.0
ATPA1K24P,2023-08-13,369.5833666666667,41.0,589.25,A,ATPA,1911.0
ATPA1K24P,2023-08-14,642.3629366666665,10.0,3269.0,A,ATPA,1911.0
ATPA1K24P,2023-08-15,765.6892166666667,10.0,3269.0,A,ATPA,1911.0
ATPA1K24P,2023-08-16,765.5621766666665,10.0,3269.0,A,ATPA,1911.0
ATPA1K24P,2023-08-17,666.07003,10.0,3269.0,A,ATPA,1911.0
ATPA1K24P,2023-08-18,606.02337,10.0,3269.0,A,ATPA,1911.0
ATPA1K24P,2023-08-19,253.74976999999998,10.0,498.0,A,ATPA,1911.0
ATPA1K24P,2023-08-20,369.5833666666667,41.0,589.25,A,ATPA,1911.0
ATPA1K24P,2023-08-21,642.3629366666665,10.0,3269.0,A,ATPA,1911.0
ATPA1K24P,2023-08-22,765.6892166666667,10.0,3269.0,A,ATPA,1911.0
ATPA1K24P,2023-08-23,765.5621766666665,10.0,3269.0,A,ATPA,1911.0
ATPA1K24P,2023-08-24,666.07003,10.0,3269.0,A,ATPA,1911.0
ATPA1K24P,2023-08-25,606.02337,10.0,3269.0,A,ATPA,1911.0
ATPA1K24P,2023-08-26,253.74976999999998,10.0,498.0,A,ATPA,1911.0
ATPA1K24P,2023-08-27,369.5833666666667,41.0,589.25,A,ATPA,1911.0
ATPA1K24P,2023-08-28,642.3629366666665,10.0,3269.0,A,ATPA,1911.0
ATPA1K24P,2023-08-29,765.6892166666667,10.0,3269.0,A,ATPA,1911.0
ATPA1K24P,2023-08-30,765.5621766666665,10.0,3269.0,A,ATPA,1911.0
ATPA1K24P,2023-08-31,666.07003,10.0,3269.0,A,ATPA,1911.0
ATPA1K24P,2023-09-01,606.02337,10.0,3269.0,A,ATPA,1911.0
ATPA1K24P,2023-09-02,253.74976999999998,10.0,498.0,A,ATPA,1911.0
ATPA1K24P,2023-09-03,369.5833666666667,41.0,589.25,A,ATPA,1911.0
ATPA1K24P,2023-09-04,642.3629366666665,10.0,3269.0,A,ATPA,1911.0
ATPA1K24P,2023-09-05,765.6892166666667,10.0,3269.0,A,ATPA,1911.0
ATPA1K24P,2023-09-06,765.5621766666665,10.0,3269.0,A,ATPA,1911.0
ATPA1K24P,2023-09-07,666.07003,10.0,3269.0,A,ATPA,1911.0
ATPA1K24P,2023-09-08,606.02337,10.0,3269.0,A,ATPA,1911.0
ATPPCH5X5K,2023-08-10,89.77958666666666,10.0,100.0,A,ATPPCH,1920.0
ATPPCH5X5K,2023-08-11,88.06958666666665,10.0,100.0,A,ATPPCH,1920.0
ATPPCH5X5K,2023-08-12,41.08802000000001,10.0,65.0,A,ATPPCH,1920.0
ATPPCH5X5K,2023-08-13,91.545,41.0,245.0000000000001,A,ATPPCH,1920.0
ATPPCH5X5K,2023-08-14,36.79208333333332,10.0,54.0,A,ATPPCH,1920.0
ATPPCH5X5K,2023-08-15,41.88083666666667,10.0,54.0,A,ATPPCH,1920.0
ATPPCH5X5K,2023-08-16,43.849586666666674,9.650000000000002,54.0,A,ATPPCH,1920.0
ATPPCH5X5K,2023-08-17,89.77958666666666,10.0,100.0,A,ATPPCH,1920.0
ATPPCH5X5K,2023-08-18,88.06958666666665,10.0,100.0,A,ATPPCH,1920.0
ATPPCH5X5K,2023-08-19,41.08802000000001,10.0,65.0,A,ATPPCH,1920.0
ATPPCH5X5K,2023-08-20,91.545,41.0,245.0000000000001,A,ATPPCH,1920.0
ATPPCH5X5K,2023-08-21,36.79208333333332,10.0,54.0,A,ATPPCH,1920.0
ATPPCH5X5K,2023-08-22,41.88083666666667,10.0,54.0,A,ATPPCH,1920.0
ATPPCH5X5K,2023-08-23,43.849586666666674,9.650000000000002,54.0,A,ATPPCH,1920.0
ATPPCH5X5K,2023-08-24,89.77958666666666,10.0,100.0,A,ATPPCH,1920.0
ATPPCH5X5K,2023-08-25,88.06958666666665,10.0,100.0,A,ATPPCH,1920.0
ATPPCH5X5K,2023-08-26,41.08802000000001,10.0,65.0,A,ATPPCH,1920.0
ATPPCH5X5K,2023-08-27,91.545,41.0,245.0000000000001,A,ATPPCH,1920.0
ATPPCH5X5K,2023-08-28,36.79208333333332,10.0,54.0,A,ATPPCH,1920.0
ATPPCH5X5K,2023-08-29,41.88083666666667,10.0,54.0,A,ATPPCH,1920.0
ATPPCH5X5K,2023-08-30,43.849586666666674,9.650000000000002,54.0,A,ATPPCH,1920.0
ATPPCH5X5K,2023-08-31,89.77958666666666,10.0,100.0,A,ATPPCH,1920.0
ATPPCH5X5K,2023-09-01,88.06958666666665,10.0,100.0,A,ATPPCH,1920.0
ATPPCH5X5K,2023-09-02,41.08802000000001,10.0,65.0,A,ATPPCH,1920.0
ATPPCH5X5K,2023-09-03,91.545,41.0,245.0000000000001,A,ATPPCH,1920.0
ATPPCH5X5K,2023-09-04,36.79208333333332,10.0,54.0,A,ATPPCH,1920.0
ATPPCH5X5K,2023-09-05,41.88083666666667,10.0,54.0,A,ATPPCH,1920.0
ATPPCH5X5K,2023-09-06,43.849586666666674,9.650000000000002,54.0,A,ATPPCH,1920.0
ATPPCH5X5K,2023-09-07,89.77958666666666,10.0,100.0,A,ATPPCH,1920.0
ATPPCH5X5K,2023-09-08,88.06958666666665,10.0,100.0,A,ATPPCH,1920.0
ATWWP001K24P,2023-08-10,89.77958666666666,10.0,100.0,A,ATWWP,1911.0
ATWWP001K24P,2023-08-11,88.06958666666665,10.0,100.0,A,ATWWP,1911.0
ATWWP001K24P,2023-08-12,41.08802000000001,10.0,65.0,A,ATWWP,1911.0
ATWWP001K24P,2023-08-13,86.6525,41.0,233.30000000000013,A,ATWWP,1911.0
ATWWP001K24P,2023-08-14,36.79208333333332,10.0,54.0,A,ATWWP,1911.0
ATWWP001K24P,2023-08-15,41.63583666666666,9.650000000000002,54.0,A,ATWWP,1911.0
ATWWP001K24P,2023-08-16,43.60458666666668,6.5,54.0,A,ATWWP,1911.0
ATWWP001K24P,2023-08-17,89.77958666666666,10.0,100.0,A,ATWWP,1911.0
ATWWP001K24P,2023-08-18,88.06958666666665,10.0,100.0,A,ATWWP,1911.0
ATWWP001K24P,2023-08-19,41.08802000000001,10.0,65.0,A,ATWWP,1911.0
ATWWP001K24P,2023-08-20,86.6525,41.0,233.30000000000013,A,ATWWP,1911.0
ATWWP001K24P,2023-08-21,36.79208333333332,10.0,54.0,A,ATWWP,1911.0
ATWWP001K24P,2023-08-22,41.63583666666666,9.650000000000002,54.0,A,ATWWP,1911.0
ATWWP001K24P,2023-08-23,43.60458666666668,6.5,54.0,A,ATWWP,1911.0
ATWWP001K24P,2023-08-24,89.77958666666666,10.0,100.0,A,ATWWP,1911.0
ATWWP001K24P,2023-08-25,88.06958666666665,10.0,100.0,A,ATWWP,1911.0
ATWWP001K24P,2023-08-26,41.08802000000001,10.0,65.0,A,ATWWP,1911.0
ATWWP001K24P,2023-08-27,86.6525,41.0,233.30000000000013,A,ATWWP,1911.0
ATWWP001K24P,2023-08-28,36.79208333333332,10.0,54.0,A,ATWWP,1911.0
ATWWP001K24P,2023-08-29,41.63583666666666,9.650000000000002,54.0,A,ATWWP,1911.0
ATWWP001K24P,2023-08-30,43.60458666666668,6.5,54.0,A,ATWWP,1911.0
ATWWP001K24P,2023-08-31,89.77958666666666,10.0,100.0,A,ATWWP,1911.0
ATWWP001K24P,2023-09-01,88.06958666666665,10.0,100.0,A,ATWWP,1911.0
ATWWP001K24P,2023-09-02,41.08802000000001,10.0,65.0,A,ATWWP,1911.0
ATWWP001K24P,2023-09-03,86.6525,41.0,233.30000000000013,A,ATWWP,1911.0
ATWWP001K24P,2023-09-04,36.79208333333332,10.0,54.0,A,ATWWP,1911.0
ATWWP001K24P,2023-09-05,41.63583666666666,9.650000000000002,54.0,A,ATWWP,1911.0
ATWWP001K24P,2023-09-06,43.60458666666668,6.5,54.0,A,ATWWP,1911.0
ATWWP001K24P,2023-09-07,89.77958666666666,10.0,100.0,A,ATWWP,1911.0
ATWWP001K24P,2023-09-08,88.06958666666665,10.0,100.0,A,ATWWP,1911.0
ATWWP002K12P,2023-08-10,90.18605333333333,80.0,116.10000000000001,A,ATWWP,1920.0
ATWWP002K12P,2023-08-11,90.18605333333333,80.0,116.10000000000001,A,ATWWP,1920.0
ATWWP002K12P,2023-08-12,90.62771333333335,80.0,117.0,A,ATWWP,1920.0
ATWWP002K12P,2023-08-13,129.66627333333335,63.50000000000001,136.0,A,ATWWP,1920.0
ATWWP002K12P,2023-08-14,89.53237250000002,70.0,116.10000000000001,A,ATWWP,1920.0
ATWWP002K12P,2023-08-15,89.53237250000002,70.0,116.10000000000001,A,ATWWP,1920.0
ATWWP002K12P,2023-08-16,88.69237250000002,70.0,116.10000000000001,A,ATWWP,1920.0
ATWWP002K12P,2023-08-17,90.18605333333333,80.0,116.10000000000001,A,ATWWP,1920.0
ATWWP002K12P,2023-08-18,90.18605333333333,80.0,116.10000000000001,A,ATWWP,1920.0
ATWWP002K12P,2023-08-19,90.62771333333335,80.0,117.0,A,ATWWP,1920.0
ATWWP002K12P,2023-08-20,129.66627333333335,63.50000000000001,136.0,A,ATWWP,1920.0
ATWWP002K12P,2023-08-21,89.53237250000002,70.0,116.10000000000001,A,ATWWP,1920.0
ATWWP002K12P,2023-08-22,89.53237250000002,70.0,116.10000000000001,A,ATWWP,1920.0
ATWWP002K12P,2023-08-23,88.69237250000002,70.0,116.10000000000001,A,ATWWP,1920.0
ATWWP002K12P,2023-08-24,90.18605333333333,80.0,116.10000000000001,A,ATWWP,1920.0
ATWWP002K12P,2023-08-25,90.18605333333333,80.0,116.10000000000001,A,ATWWP,1920.0
ATWWP002K12P,2023-08-26,90.62771333333335,80.0,117.0,A,ATWWP,1920.0
ATWWP002K12P,2023-08-27,129.66627333333335,63.50000000000001,136.0,A,ATWWP,1920.0
ATWWP002K12P,2023-08-28,89.53237250000002,70.0,116.10000000000001,A,ATWWP,1920.0
ATWWP002K12P,2023-08-29,89.53237250000002,70.0,116.10000000000001,A,ATWWP,1920.0
ATWWP002K12P,2023-08-30,88.69237250000002,70.0,116.10000000000001,A,ATWWP,1920.0
ATWWP002K12P,2023-08-31,90.18605333333333,80.0,116.10000000000001,A,ATWWP,1920.0
ATWWP002K12P,2023-09-01,90.18605333333333,80.0,116.10000000000001,A,ATWWP,1920.0
ATWWP002K12P,2023-09-02,90.62771333333335,80.0,117.0,A,ATWWP,1920.0
ATWWP002K12P,2023-09-03,129.66627333333335,63.50000000000001,136.0,A,ATWWP,1920.0
ATWWP002K12P,2023-09-04,89.53237250000002,70.0,116.10000000000001,A,ATWWP,1920.0
ATWWP002K12P,2023-09-05,89.53237250000002,70.0,116.10000000000001,A,ATWWP,1920.0
ATWWP002K12P,2023-09-06,88.69237250000002,70.0,116.10000000000001,A,ATWWP,1920.0
ATWWP002K12P,2023-09-07,90.18605333333333,80.0,116.10000000000001,A,ATWWP,1920.0
ATWWP002K12P,2023-09-08,90.18605333333333,80.0,116.10000000000001,A,ATWWP,1920.0
EEA200G24P,2023-08-10,76.71667,6.5,100.0,E,EEA,1920.0
EEA200G24P,2023-08-11,75.56666999999999,9.650000000000002,100.0,E,EEA,1920.0
EEA200G24P,2023-08-12,42.93094000000001,10.0,100.0,E,EEA,1920.0
EEA200G24P,2023-08-13,89.3925,41.0,233.30000000000013,E,EEA,1920.0
EEA200G24P,2023-08-14,34.70666666666666,10.0,54.0,E,EEA,1920.0
EEA200G24P,2023-08-15,41.010419999999996,6.5,54.0,E,EEA,1920.0
EEA200G24P,2023-08-16,40.96666999999999,6.5,54.0,E,EEA,1920.0
EEA200G24P,2023-08-17,76.71667,6.5,100.0,E,EEA,1920.0
EEA200G24P,2023-08-18,75.56666999999999,9.650000000000002,100.0,E,EEA,1920.0
EEA200G24P,2023-08-19,42.93094000000001,10.0,100.0,E,EEA,1920.0
EEA200G24P,2023-08-20,89.3925,41.0,233.30000000000013,E,EEA,1920.0
EEA200G24P,2023-08-21,34.70666666666666,10.0,54.0,E,EEA,1920.0
EEA200G24P,2023-08-22,41.010419999999996,6.5,54.0,E,EEA,1920.0
EEA200G24P,2023-08-23,40.96666999999999,6.5,54.0,E,EEA,1920.0
EEA200G24P,2023-08-24,76.71667,6.5,100.0,E,EEA,1920.0
EEA200G24P,2023-08-25,75.56666999999999,9.650000000000002,100.0,E,EEA,1920.0
EEA200G24P,2023-08-26,42.93094000000001,10.0,100.0,E,EEA,1920.0
EEA200G24P,2023-08-27,89.3925,41.0,233.30000000000013,E,EEA,1920.0
EEA200G24P,2023-08-28,34.70666666666666,10.0,54.0,E,EEA,1920.0
EEA200G24P,2023-08-29,41.010419999999996,6.5,54.0,E,EEA,1920.0
EEA200G24P,2023-08-30,40.96666999999999,6.5,54.0,E,EEA,1920.0
EEA200G24P,2023-08-31,76.71667,6.5,100.0,E,EEA,1920.0
EEA200G24P,2023-09-01,75.56666999999999,9.650000000000002,100.0,E,EEA,1920.0
EEA200G24P,2023-09-02,42.93094000000001,10.0,100.0,E,EEA,1920.0
EEA200G24P,2023-09-03,89.3925,41.0,233.30000000000013,E,EEA,1920.0
EEA200G24P,2023-09-04,34.70666666666666,10.0,54.0,E,EEA,1920.0
EEA200G24P,2023-09-05,41.010419999999996,6.5,54.0,E,EEA,1920.0
EEA200G24P,2023-09-06,40.96666999999999,6.5,54.0,E,EEA,1920.0
EEA200G24P,2023-09-07,76.71667,6.5,100.0,E,EEA,1920.0
EEA200G24P,2023-09-08,75.56666999999999,9.650000000000002,100.0,E,EEA,1920.0
EEA500G12P,2023-08-10,77.76666999999999,10.0,100.0,E,EEA,1920.0
EEA500G12P,2023-08-11,76.62167,10.0,100.0,E,EEA,1920.0
EEA500G12P,2023-08-12,45.66094000000001,10.0,100.0,E,EEA,1920.0
EEA500G12P,2023-08-13,89.3625,41.0,233.30000000000013,E,EEA,1920.0
EEA500G12P,2023-08-14,32.86124999999999,6.5,54.0,E,EEA,1920.0
EEA500G12P,2023-08-15,41.329586666666664,6.5,54.0,E,EEA,1920.0
EEA500G12P,2023-08-16,41.08667,6.5,54.0,E,EEA,1920.0
EEA500G12P,2023-08-17,77.76666999999999,10.0,100.0,E,EEA,1920.0
EEA500G12P,2023-08-18,76.62167,10.0,100.0,E,EEA,1920.0
EEA500G12P,2023-08-19,45.66094000000001,10.0,100.0,E,EEA,1920.0
EEA500G12P,2023-08-20,89.3625,41.0,233.30000000000013,E,EEA,1920.0
EEA500G12P,2023-08-21,32.86124999999999,6.5,54.0,E,EEA,1920.0
EEA500G12P,2023-08-22,41.329586666666664,6.5,54.0,E,EEA,1920.0
EEA500G12P,2023-08-23,41.08667,6.5,54.0,E,EEA,1920.0
EEA500G12P,2023-08-24,77.76666999999999,10.0,100.0,E,EEA,1920.0
EEA500G12P,2023-08-25,76.62167,10.0,100.0,E,EEA,1920.0
EEA500G12P,2023-08-26,45.66094000000001,10.0,100.0,E,EEA,1920.0
EEA500G12P,2023-08-27,89.3625,41.0,233.30000000000013,E,EEA,1920.0
EEA500G12P,2023-08-28,32.86124999999999,6.5,54.0,E,EEA,1920.0
EEA500G12P,2023-08-29,41.329586666666664,6.5,54.0,E,EEA,1920.0
EEA500G12P,2023-08-30,41.08667,6.5,54.0,E,EEA,1920.0
EEA500G12P,2023-08-31,77.76666999999999,10.0,100.0,E,EEA,1920.0
EEA500G12P,2023-09-01,76.62167,10.0,100.0,E,EEA,1920.0
EEA500G12P,2023-09-02,45.66094000000001,10.0,100.0,E,EEA,1920.0
EEA500G12P,2023-09-03,89.3625,41.0,233.30000000000013,E,EEA,1920.0
EEA500G12P,2023-09-04,32.86124999999999,6.5,54.0,E,EEA,1920.0
EEA500G12P,2023-09-05,41.329586666666664,6.5,54.0,E,EEA,1920.0
EEA500G12P,2023-09-06,41.08667,6.5,54.0,E,EEA,1920.0
EEA500G12P,2023-09-07,77.76666999999999,10.0,100.0,E,EEA,1920.0
EEA500G12P,2023-09-08,76.62167,10.0,100.0,E,EEA,1920.0
MAC1K25P,2023-08-10,53.87455981884058,5.0,100.0,M,MAC,1915.0
MAC1K25P,2023-08-11,53.87455981884058,5.0,100.0,M,MAC,1915.0
MAC1K25P,2023-08-12,10.70877,10.0,10.0,M,MAC,1915.0
MAC1K25P,2023-08-13,19.25,1.0,42.80000000000015,M,MAC,1915.0
MAC1K25P,2023-08-14,46.995829818840576,0.9999999999999998,60.0,M,MAC,1915.0
MAC1K25P,2023-08-15,47.94582981884057,10.0,60.0,M,MAC,1915.0
MAC1K25P,2023-08-16,47.77582981884058,10.0,60.0,M,MAC,1915.0
MAC1K25P,2023-08-17,53.87455981884058,5.0,100.0,M,MAC,1915.0
MAC1K25P,2023-08-18,53.87455981884058,5.0,100.0,M,MAC,1915.0
MAC1K25P,2023-08-19,10.70877,10.0,10.0,M,MAC,1915.0
MAC1K25P,2023-08-20,19.25,1.0,42.80000000000015,M,MAC,1915.0
MAC1K25P,2023-08-21,46.995829818840576,0.9999999999999998,60.0,M,MAC,1915.0
MAC1K25P,2023-08-22,47.94582981884057,10.0,60.0,M,MAC,1915.0
MAC1K25P,2023-08-23,47.77582981884058,10.0,60.0,M,MAC,1915.0
MAC1K25P,2023-08-24,53.87455981884058,5.0,100.0,M,MAC,1915.0
MAC1K25P,2023-08-25,53.87455981884058,5.0,100.0,M,MAC,1915.0
MAC1K25P,2023-08-26,10.70877,10.0,10.0,M,MAC,1915.0
MAC1K25P,2023-08-27,19.25,1.0,42.80000000000015,M,MAC,1915.0
MAC1K25P,2023-08-28,46.995829818840576,0.9999999999999998,60.0,M,MAC,1915.0
MAC1K25P,2023-08-29,47.94582981884057,10.0,60.0,M,MAC,1915.0
MAC1K25P,2023-08-30,47.77582981884058,10.0,60.0,M,MAC,1915.0
MAC1K25P,2023-08-31,53.87455981884058,5.0,100.0,M,MAC,1915.0
MAC1K25P,2023-09-01,53.87455981884058,5.0,100.0,M,MAC,1915.0
MAC1K25P,2023-09-02,10.70877,10.0,10.0,M,MAC,1915.0
MAC1K25P,2023-09-03,19.25,1.0,42.80000000000015,M,MAC,1915.0
MAC1K25P,2023-09-04,46.995829818840576,0.9999999999999998,60.0,M,MAC,1915.0
MAC1K25P,2023-09-05,47.94582981884057,10.0,60.0,M,MAC,1915.0
MAC1K25P,2023-09-06,47.77582981884058,10.0,60.0,M,MAC,1915.0
MAC1K25P,2023-09-07,53.87455981884058,5.0,100.0,M,MAC,1915.0
MAC1K25P,2023-09-08,53.87455981884058,5.0,100.0,M,MAC,1915.0
MAHS025K,2023-08-10,56.0584,10.0,100.0,M,MAHS,1920.0
MAHS025K,2023-08-11,56.0484,10.0,100.0,M,MAHS,1920.0
MAHS025K,2023-08-12,47.126720000000006,10.0,85.0,M,MAHS,1920.0
MAHS025K,2023-08-13,72.9242,40.0,99.70000000000125,M,MAHS,1920.0
MAHS025K,2023-08-14,29.034200000000002,5.0,60.60000000000056,M,MAHS,1920.0
MAHS025K,2023-08-15,34.0384,5.0,50.0,M,MAHS,1920.0
MAHS025K,2023-08-16,44.3684,5.0,71.50000000000013,M,MAHS,1920.0
MAHS025K,2023-08-17,56.0584,10.0,100.0,M,MAHS,1920.0
MAHS025K,2023-08-18,56.0484,10.0,100.0,M,MAHS,1920.0
MAHS025K,2023-08-19,47.126720000000006,10.0,85.0,M,MAHS,1920.0
MAHS025K,2023-08-20,72.9242,40.0,99.70000000000125,M,MAHS,1920.0
MAHS025K,2023-08-21,29.034200000000002,5.0,60.60000000000056,M,MAHS,1920.0
MAHS025K,2023-08-22,34.0384,5.0,50.0,M,MAHS,1920.0
MAHS025K,2023-08-23,44.3684,5.0,71.50000000000013,M,MAHS,1920.0
MAHS025K,2023-08-24,56.0584,10.0,100.0,M,MAHS,1920.0
MAHS025K,2023-08-25,56.0484,10.0,100.0,M,MAHS,1920.0
MAHS025K,2023-08-26,47.126720000000006,10.0,85.0,M,MAHS,1920.0
MAHS025K,2023-08-27,72.9242,40.0,99.70000000000125,M,MAHS,1920.0
MAHS025K,2023-08-28,29.034200000000002,5.0,60.60000000000056,M,MAHS,1920.0
MAHS025K,2023-08-29,34.0384,5.0,50.0,M,MAHS,1920.0
MAHS025K,2023-08-30,44.3684,5.0,71.50000000000013,M,MAHS,1920.0
MAHS025K,2023-08-31,56.0584,10.0,100.0,M,MAHS,1920.0
MAHS025K,2023-09-01,56.0484,10.0,100.0,M,MAHS,1920.0
MAHS025K,2023-09-02,47.126720000000006,10.0,85.0,M,MAHS,1920.0
MAHS025K,2023-09-03,72.9242,40.0,99.70000000000125,M,MAHS,1920.0
MAHS025K,2023-09-04,29.034200000000002,5.0,60.60000000000056,M,MAHS,1920.0
MAHS025K,2023-09-05,34.0384,5.0,50.0,M,MAHS,1920.0
MAHS025K,2023-09-06,44.3684,5.0,71.50000000000013,M,MAHS,1920.0
MAHS025K,2023-09-07,56.0584,10.0,100.0,M,MAHS,1920.0
MAHS025K,2023-09-08,56.0484,10.0,100.0,M,MAHS,1920.0
MAP1K25P,2023-08-10,58.5744290942029,5.0,100.0,M,MAP,1911.0
MAP1K25P,2023-08-11,58.53664890096618,5.0,100.0,M,MAP,1911.0
MAP1K25P,2023-08-12,16.190430000000003,10.0,60.0,M,MAP,1911.0
MAP1K25P,2023-08-13,74.46,5.0,156.0,M,MAP,1911.0
MAP1K25P,2023-08-14,53.13403242753623,5.0,60.0,M,MAP,1911.0
MAP1K25P,2023-08-15,53.56403242753623,5.0,60.0,M,MAP,1911.0
MAP1K25P,2023-08-16,54.80233224637681,9.275,60.0,M,MAP,1911.0
MAP1K25P,2023-08-17,58.5744290942029,5.0,100.0,M,MAP,1911.0
MAP1K25P,2023-08-18,58.53664890096618,5.0,100.0,M,MAP,1911.0
MAP1K25P,2023-08-19,16.190430000000003,10.0,60.0,M,MAP,1911.0
MAP1K25P,2023-08-20,74.46,5.0,156.0,M,MAP,1911.0
MAP1K25P,2023-08-21,53.13403242753623,5.0,60.0,M,MAP,1911.0
MAP1K25P,2023-08-22,53.56403242753623,5.0,60.0,M,MAP,1911.0
MAP1K25P,2023-08-23,54.80233224637681,9.275,60.0,M,MAP,1911.0
MAP1K25P,2023-08-24,58.5744290942029,5.0,100.0,M,MAP,1911.0
MAP1K25P,2023-08-25,58.53664890096618,5.0,100.0,M,MAP,1911.0
MAP1K25P,2023-08-26,16.190430000000003,10.0,60.0,M,MAP,1911.0
MAP1K25P,2023-08-27,74.46,5.0,156.0,M,MAP,1911.0
MAP1K25P,2023-08-28,53.13403242753623,5.0,60.0,M,MAP,1911.0
MAP1K25P,2023-08-29,53.56403242753623,5.0,60.0,M,MAP,1911.0
MAP1K25P,2023-08-30,54.80233224637681,9.275,60.0,M,MAP,1911.0
MAP1K25P,2023-08-31,58.5744290942029,5.0,100.0,M,MAP,1911.0
MAP1K25P,2023-09-01,58.53664890096618,5.0,100.0,M,MAP,1911.0
MAP1K25P,2023-09-02,16.190430000000003,10.0,60.0,M,MAP,1911.0
MAP1K25P,2023-09-03,74.46,5.0,156.0,M,MAP,1911.0
MAP1K25P,2023-09-04,53.13403242753623,5.0,60.0,M,MAP,1911.0
MAP1K25P,2023-09-05,53.56403242753623,5.0,60.0,M,MAP,1911.0
MAP1K25P,2023-09-06,54.80233224637681,9.275,60.0,M,MAP,1911.0
MAP1K25P,2023-09-07,58.5744290942029,5.0,100.0,M,MAP,1911.0
MAP1K25P,2023-09-08,58.53664890096618,5.0,100.0,M,MAP,1911.0
MAPA1K24P,2023-08-10,290.2326,10.0,1293.0,M,MAPA,1915.0
MAPA1K24P,2023-08-11,290.6726,10.0,1293.0,M,MAPA,1915.0
MAPA1K24P,2023-08-12,99.84714000000002,22.42,242.0,M,MAPA,1915.0
MAPA1K24P,2023-08-13,269.07419999999996,41.0,833.0,M,MAPA,1915.0
MAPA1K24P,2023-08-14,146.6542,10.0,60.60000000000056,M,MAPA,1915.0
MAPA1K24P,2023-08-15,234.6026,5.0,838.0,M,MAPA,1915.0
MAPA1K24P,2023-08-16,212.93599999999998,10.0,304.3000000000052,M,MAPA,1915.0
MAPA1K24P,2023-08-17,290.2326,10.0,1293.0,M,MAPA,1915.0
MAPA1K24P,2023-08-18,290.6726,10.0,1293.0,M,MAPA,1915.0
MAPA1K24P,2023-08-19,99.84714000000002,22.42,242.0,M,MAPA,1915.0
MAPA1K24P,2023-08-20,269.07419999999996,41.0,833.0,M,MAPA,1915.0
MAPA1K24P,2023-08-21,146.6542,10.0,60.60000000000056,M,MAPA,1915.0
MAPA1K24P,2023-08-22,234.6026,5.0,838.0,M,MAPA,1915.0
MAPA1K24P,2023-08-23,212.93599999999998,10.0,304.3000000000052,M,MAPA,1915.0
MAPA1K24P,2023-08-24,290.2326,10.0,1293.0,M,MAPA,1915.0
MAPA1K24P,2023-08-25,290.6726,10.0,1293.0,M,MAPA,1915.0
MAPA1K24P,2023-08-26,99.84714000000002,22.42,242.0,M,MAPA,1915.0
MAPA1K24P,2023-08-27,269.07419999999996,41.0,833.0,M,MAPA,1915.0
MAPA1K24P,2023-08-28,146.6542,10.0,60.60000000000056,M,MAPA,1915.0
MAPA1K24P,2023-08-29,234.6026,5.0,838.0,M,MAPA,1915.0
MAPA1K24P,2023-08-30,212.93599999999998,10.0,304.3000000000052,M,MAPA,1915.0
MAPA1K24P,2023-08-31,290.2326,10.0,1293.0,M,MAPA,1915.0
MAPA1K24P,2023-09-01,290.6726,10.0,1293.0,M,MAPA,1915.0
MAPA1K24P,2023-09-02,99.84714000000002,22.42,242.0,M,MAPA,1915.0
MAPA1K24P,2023-09-03,269.07419999999996,41.0,833.0,M,MAPA,1915.0
MAPA1K24P,2023-09-04,146.6542,10.0,60.60000000000056,M,MAPA,1915.0
MAPA1K24P,2023-09-05,234.6026,5.0,838.0,M,MAPA,1915.0
MAPA1K24P,2023-09-06,212.93599999999998,10.0,304.3000000000052,M,MAPA,1915.0
MAPA1K24P,2023-09-07,290.2326,10.0,1293.0,M,MAPA,1915.0
MAPA1K24P,2023-09-08,290.6726,10.0,1293.0,M,MAPA,1915.0
MAR01K24P,2023-08-10,1212.5168999999999,22.42,2133.0,M,MAR,1914.0
MAR01K24P,2023-08-11,1213.1068999999998,22.42,2133.0,M,MAR,1914.0
MAR01K24P,2023-08-12,112.57694000000001,22.42,242.0,M,MAR,1914.0
MAR01K24P,2023-08-13,648.6084,41.0,1190.0,M,MAR,1914.0
MAR01K24P,2023-08-14,1497.1084,15.0,2133.0,M,MAR,1914.0
MAR01K24P,2023-08-15,1555.8968000000002,165.0,2133.0,M,MAR,1914.0
MAR01K24P,2023-08-16,1450.0712000000003,165.0,2133.0,M,MAR,1914.0
MAR01K24P,2023-08-17,1212.5168999999999,22.42,2133.0,M,MAR,1914.0
MAR01K24P,2023-08-18,1213.1068999999998,22.42,2133.0,M,MAR,1914.0
MAR01K24P,2023-08-19,112.57694000000001,22.42,242.0,M,MAR,1914.0
MAR01K24P,2023-08-20,648.6084,41.0,1190.0,M,MAR,1914.0
MAR01K24P,2023-08-21,1497.1084,15.0,2133.0,M,MAR,1914.0
MAR01K24P,2023-08-22,1555.8968000000002,165.0,2133.0,M,MAR,1914.0
MAR01K24P,2023-08-23,1450.0712000000003,165.0,2133.0,M,MAR,1914.0
MAR01K24P,2023-08-24,1212.5168999999999,22.42,2133.0,M,MAR,1914.0
MAR01K24P,2023-08-25,1213.1068999999998,22.42,2133.0,M,MAR,1914.0
MAR01K24P,2023-08-26,112.57694000000001,22.42,242.0,M,MAR,1914.0
MAR01K24P,2023-08-27,648.6084,41.0,1190.0,M,MAR,1914.0
MAR01K24P,2023-08-28,1497.1084,15.0,2133.0,M,MAR,1914.0
MAR01K24P,2023-08-29,1555.8968000000002,165.0,2133.0,M,MAR,1914.0
MAR01K24P,2023-08-30,1450.0712000000003,165.0,2133.0,M,MAR,1914.0
MAR01K24P,2023-08-31,1212.5168999999999,22.42,2133.0,M,MAR,1914.0
MAR01K24P,2023-09-01,1213.1068999999998,22.42,2133.0,M,MAR,1914.0
MAR01K24P,2023-09-02,112.57694000000001,22.42,242.0,M,MAR,1914.0
MAR01K24P,2023-09-03,648.6084,41.0,1190.0,M,MAR,1914.0
MAR01K24P,2023-09-04,1497.1084,15.0,2133.0,M,MAR,1914.0
MAR01K24P,2023-09-05,1555.8968000000002,165.0,2133.0,M,MAR,1914.0
MAR01K24P,2023-09-06,1450.0712000000003,165.0,2133.0,M,MAR,1914.0
MAR01K24P,2023-09-07,1212.5168999999999,22.42,2133.0,M,MAR,1914.0
MAR01K24P,2023-09-08,1213.1068999999998,22.42,2133.0,M,MAR,1914.0
MAR02K12P,2023-08-10,420.2184,15.0,838.0,M,MAR,1911.0
MAR02K12P,2023-08-11,419.4084,15.0,838.0,M,MAR,1911.0
MAR02K12P,2023-08-12,112.54726000000002,22.42,233.00000000000009,M,MAR,1911.0
MAR02K12P,2023-08-13,271.56,41.0,833.0,M,MAR,1911.0
MAR02K12P,2023-08-14,200.64,15.0,838.0,M,MAR,1911.0
MAR02K12P,2023-08-15,396.44419999999997,25.0,838.0,M,MAR,1911.0
MAR02K12P,2023-08-16,258.2384,83.10000000000001,838.0,M,MAR,1911.0
MAR02K12P,2023-08-17,420.2184,15.0,838.0,M,MAR,1911.0
MAR02K12P,2023-08-18,419.4084,15.0,838.0,M,MAR,1911.0
MAR02K12P,2023-08-19,112.54726000000002,22.42,233.00000000000009,M,MAR,1911.0
MAR02K12P,2023-08-20,271.56,41.0,833.0,M,MAR,1911.0
MAR02K12P,2023-08-21,200.64,15.0,838.0,M,MAR,1911.0
MAR02K12P,2023-08-22,396.44419999999997,25.0,838.0,M,MAR,1911.0
MAR02K12P,2023-08-23,258.2384,83.10000000000001,838.0,M,MAR,1911.0
MAR02K12P,2023-08-24,420.2184,15.0,838.0,M,MAR,1911.0
MAR02K12P,2023-08-25,419.4084,15.0,838.0,M,MAR,1911.0
MAR02K12P,2023-08-26,112.54726000000002,22.42,233.00000000000009,M,MAR,1911.0
MAR02K12P,2023-08-27,271.56,41.0,833.0,M,MAR,1911.0
MAR02K12P,2023-08-28,200.64,15.0,838.0,M,MAR,1911.0
MAR02K12P,2023-08-29,396.44419999999997,25.0,838.0,M,MAR,1911.0
MAR02K12P,2023-08-30,258.2384,83.10000000000001,838.0,M,MAR,1911.0
MAR02K12P,2023-08-31,420.2184,15.0,838.0,M,MAR,1911.0
MAR02K12P,2023-09-01,419.4084,15.0,838.0,M,MAR,1911.0
MAR02K12P,2023-09-02,112.54726000000002,22.42,233.00000000000009,M,MAR,1911.0
MAR02K12P,2023-09-03,271.56,41.0,833.0,M,MAR,1911.0
MAR02K12P,2023-09-04,200.64,15.0,838.0,M,MAR,1911.0
MAR02K12P,2023-09-05,396.44419999999997,25.0,838.0,M,MAR,1911.0
MAR02K12P,2023-09-06,258.2384,83.10000000000001,838.0,M,MAR,1911.0
MAR02K12P,2023-09-07,420.2184,15.0,838.0,M,MAR,1911.0
MAR02K12P,2023-09-08,419.4084,15.0,838.0,M,MAR,1911.0
MASR025K,2023-08-10,253.66839999999996,15.0,245.0000000000001,M,MASR,1911.0
MASR025K,2023-08-11,252.02839999999998,15.0,245.0000000000001,M,MASR,1911.0
MASR025K,2023-08-12,68.9394,25.0,141.40000000000072,M,MASR,1911.0
MASR025K,2023-08-13,178.74,39.400000000000006,381.0000000000001,M,MASR,1911.0
MASR025K,2023-08-14,92.39,15.0,155.0,M,MASR,1911.0
MASR025K,2023-08-15,131.4842,25.0,165.0,M,MASR,1911.0
MASR025K,2023-08-16,123.2084,25.0,155.0,M,MASR,1911.0
MASR025K,2023-08-17,253.66839999999996,15.0,245.0000000000001,M,MASR,1911.0
MASR025K,2023-08-18,252.02839999999998,15.0,245.0000000000001,M,MASR,1911.0
MASR025K,2023-08-19,68.9394,25.0,141.40000000000072,M,MASR,1911.0
MASR025K,2023-08-20,178.74,39.400000000000006,381.0000000000001,M,MASR,1911.0
MASR025K,2023-08-21,92.39,15.0,155.0,M,MASR,1911.0
MASR025K,2023-08-22,131.4842,25.0,165.0,M,MASR,1911.0
MASR025K,2023-08-23,123.2084,25.0,155.0,M,MASR,1911.0
MASR025K,2023-08-24,253.66839999999996,15.0,245.0000000000001,M,MASR,1911.0
MASR025K,2023-08-25,252.02839999999998,15.0,245.0000000000001,M,MASR,1911.0
MASR025K,2023-08-26,68.9394,25.0,141.40000000000072,M,MASR,1911.0
MASR025K,2023-08-27,178.74,39.400000000000006,381.0000000000001,M,MASR,1911.0
MASR025K,2023-08-28,92.39,15.0,155.0,M,MASR,1911.0
MASR025K,2023-08-29,131.4842,25.0,165.0,M,MASR,1911.0
MASR025K,2023-08-30,123.2084,25.0,155.0,M,MASR,1911.0
MASR025K,2023-08-31,253.66839999999996,15.0,245.0000000000001,M,MASR,1911.0
MASR025K,2023-09-01,252.02839999999998,15.0,245.0000000000001,M,MASR,1911.0
MASR025K,2023-09-02,68.9394,25.0,141.40000000000072,M,MASR,1911.0
MASR025K,2023-09-03,178.74,39.400000000000006,381.0000000000001,M,MASR,1911.0
MASR025K,2023-09-04,92.39,15.0,155.0,M,MASR,1911.0
MASR025K,2023-09-05,131.4842,25.0,165.0,M,MASR,1911.0
MASR025K,2023-09-06,123.2084,25.0,155.0,M,MASR,1911.0
MASR025K,2023-09-07,253.66839999999996,15.0,245.0000000000001,M,MASR,1911.0
MASR025K,2023-09-08,252.02839999999998,15.0,245.0000000000001,M,MASR,1911.0
POP001L12P,2023-08-10,2295.9,15.0,4484.0,P,POP,2120.0
POP001L12P,2023-08-11,2295.24,15.0,4484.0,P,POP,2120.0
POP001L12P,2023-08-12,102.99,5.0,381.0000000000001,P,POP,2120.0
POP001L12P,2023-08-13,526.97,245.0000000000001,1079.0,P,POP,2120.0
POP001L12P,2023-08-14,392.54,42.0,858.0000000000001,P,POP,2120.0
POP001L12P,2023-08-15,236.45,42.0,454.9999999999999,P,POP,2120.0
POP001L12P,2023-08-16,390.39,42.0,454.9999999999999,P,POP,2120.0
POP001L12P,2023-08-17,2295.9,15.0,4484.0,P,POP,2120.0
POP001L12P,2023-08-18,2295.24,15.0,4484.0,P,POP,2120.0
POP001L12P,2023-08-19,102.99,5.0,381.0000000000001,P,POP,2120.0
POP001L12P,2023-08-20,526.97,245.0000000000001,1079.0,P,POP,2120.0
POP001L12P,2023-08-21,392.54,42.0,858.0000000000001,P,POP,2120.0
POP001L12P,2023-08-22,236.45,42.0,454.9999999999999,P,POP,2120.0
POP001L12P,2023-08-23,390.39,42.0,454.9999999999999,P,POP,2120.0
POP001L12P,2023-08-24,2295.9,15.0,4484.0,P,POP,2120.0
POP001L12P,2023-08-25,2295.24,15.0,4484.0,P,POP,2120.0
POP001L12P,2023-08-26,102.99,5.0,381.0000000000001,P,POP,2120.0
POP001L12P,2023-08-27,526.97,245.0000000000001,1079.0,P,POP,2120.0
POP001L12P,2023-08-28,392.54,42.0,858.0000000000001,P,POP,2120.0
POP001L12P,2023-08-29,236.45,42.0,454.9999999999999,P,POP,2120.0
POP001L12P,2023-08-30,390.39,42.0,454.9999999999999,P,POP,2120.0
POP001L12P,2023-08-31,2295.9,15.0,4484.0,P,POP,2120.0
POP001L12P,2023-09-01,2295.24,15.0,4484.0,P,POP,2120.0
POP001L12P,2023-09-02,102.99,5.0,381.0000000000001,P,POP,2120.0
POP001L12P,2023-09-03,526.97,245.0000000000001,1079.0,P,POP,2120.0
POP001L12P,2023-09-04,392.54,42.0,858.0000000000001,P,POP,2120.0
POP001L12P,2023-09-05,236.45,42.0,454.9999999999999,P,POP,2120.0
POP001L12P,2023-09-06,390.39,42.0,454.9999999999999,P,POP,2120.0
POP001L12P,2023-09-07,2295.9,15.0,4484.0,P,POP,2120.0
POP001L12P,2023-09-08,2295.24,15.0,4484.0,P,POP,2120.0
POP001L12P.1,2023-08-10,980.2855698067634,165.00000000000003,1487.1000000000008,UNKNOWN,UNKNOWN,UNKNOWN
POP001L12P.1,2023-08-11,980.1855698067634,165.00000000000003,1487.1000000000008,UNKNOWN,UNKNOWN,UNKNOWN
POP001L12P.1,2023-08-12,982.1955698067634,165.00000000000003,1487.1000000000008,UNKNOWN,UNKNOWN,UNKNOWN
POP001L12P.1,2023-08-13,982.6019599033816,165.00000000000003,1487.1000000000008,UNKNOWN,UNKNOWN,UNKNOWN
POP001L12P.1,2023-08-14,995.7322298067634,103.7,1487.1000000000008,UNKNOWN,UNKNOWN,UNKNOWN
POP001L12P.1,2023-08-15,984.4872298067634,118.60000000000001,1487.1000000000008,UNKNOWN,UNKNOWN,UNKNOWN
POP001L12P.1,2023-08-16,976.9272298067633,120.0,1487.1000000000008,UNKNOWN,UNKNOWN,UNKNOWN
POP001L12P.1,2023-08-17,980.2855698067634,165.00000000000003,1487.1000000000008,UNKNOWN,UNKNOWN,UNKNOWN
POP001L12P.1,2023-08-18,980.1855698067634,165.00000000000003,1487.1000000000008,UNKNOWN,UNKNOWN,UNKNOWN
POP001L12P.1,2023-08-19,982.1955698067634,165.00000000000003,1487.1000000000008,UNKNOWN,UNKNOWN,UNKNOWN
POP001L12P.1,2023-08-20,982.6019599033816,165.00000000000003,1487.1000000000008,UNKNOWN,UNKNOWN,UNKNOWN
POP001L12P.1,2023-08-21,995.7322298067634,103.7,1487.1000000000008,UNKNOWN,UNKNOWN,UNKNOWN
POP001L12P.1,2023-08-22,984.4872298067634,118.60000000000001,1487.1000000000008,UNKNOWN,UNKNOWN,UNKNOWN
POP001L12P.1,2023-08-23,976.9272298067633,120.0,1487.1000000000008,UNKNOWN,UNKNOWN,UNKNOWN
POP001L12P.1,2023-08-24,980.2855698067634,165.00000000000003,1487.1000000000008,UNKNOWN,UNKNOWN,UNKNOWN
POP001L12P.1,2023-08-25,980.1855698067634,165.00000000000003,1487.1000000000008,UNKNOWN,UNKNOWN,UNKNOWN
POP001L12P.1,2023-08-26,982.1955698067634,165.00000000000003,1487.1000000000008,UNKNOWN,UNKNOWN,UNKNOWN
POP001L12P.1,2023-08-27,982.6019599033816,165.00000000000003,1487.1000000000008,UNKNOWN,UNKNOWN,UNKNOWN
POP001L12P.1,2023-08-28,995.7322298067634,103.7,1487.1000000000008,UNKNOWN,UNKNOWN,UNKNOWN
POP001L12P.1,2023-08-29,984.4872298067634,118.60000000000001,1487.1000000000008,UNKNOWN,UNKNOWN,UNKNOWN
POP001L12P.1,2023-08-30,976.9272298067633,120.0,1487.1000000000008,UNKNOWN,UNKNOWN,UNKNOWN
POP001L12P.1,2023-08-31,980.2855698067634,165.00000000000003,1487.1000000000008,UNKNOWN,UNKNOWN,UNKNOWN
POP001L12P.1,2023-09-01,980.1855698067634,165.00000000000003,1487.1000000000008,UNKNOWN,UNKNOWN,UNKNOWN
POP001L12P.1,2023-09-02,982.1955698067634,165.00000000000003,1487.1000000000008,UNKNOWN,UNKNOWN,UNKNOWN
POP001L12P.1,2023-09-03,982.6019599033816,165.00000000000003,1487.1000000000008,UNKNOWN,UNKNOWN,UNKNOWN
POP001L12P.1,2023-09-04,995.7322298067634,103.7,1487.1000000000008,UNKNOWN,UNKNOWN,UNKNOWN
POP001L12P.1,2023-09-05,984.4872298067634,118.60000000000001,1487.1000000000008,UNKNOWN,UNKNOWN,UNKNOWN
POP001L12P.1,2023-09-06,976.9272298067633,120.0,1487.1000000000008,UNKNOWN,UNKNOWN,UNKNOWN
POP001L12P.1,2023-09-07,980.2855698067634,165.00000000000003,1487.1000000000008,UNKNOWN,UNKNOWN,UNKNOWN
POP001L12P.1,2023-09-08,980.1855698067634,165.00000000000003,1487.1000000000008,UNKNOWN,UNKNOWN,UNKNOWN
POP002L09P,2023-08-10,405.31,42.0,558.0,P,POP,2116.0
POP002L09P,2023-08-11,404.65,42.0,558.0,P,POP,2116.0
POP002L09P,2023-08-12,77.48000000000002,10.0,245.0000000000001,P,POP,2116.0
POP002L09P,2023-08-13,293.3500000000001,228.0,541.0000000000001,P,POP,2116.0
POP002L09P,2023-08-14,347.22,42.0,455.0000000000002,P,POP,2116.0
POP002L09P,2023-08-15,162.66000000000003,42.0,265.0,P,POP,2116.0
POP002L09P,2023-08-16,158.01,42.0,265.0,P,POP,2116.0
POP002L09P,2023-08-17,405.31,42.0,558.0,P,POP,2116.0
POP002L09P,2023-08-18,404.65,42.0,558.0,P,POP,2116.0
POP002L09P,2023-08-19,77.48000000000002,10.0,245.0000000000001,P,POP,2116.0
POP002L09P,2023-08-20,293.3500000000001,228.0,541.0000000000001,P,POP,2116.0
POP002L09P,2023-08-21,347.22,42.0,455.0000000000002,P,POP,2116.0
POP002L09P,2023-08-22,162.66000000000003,42.0,265.0,P,POP,2116.0
POP002L09P,2023-08-23,158.01,42.0,265.0,P,POP,2116.0
POP002L09P,2023-08-24,405.31,42.0,558.0,P,POP,2116.0
POP002L09P,2023-08-25,404.65,42.0,558.0,P,POP,2116.0
POP002L09P,2023-08-26,77.48000000000002,10.0,245.0000000000001,P,POP,2116.0
POP002L09P,2023-08-27,293.3500000000001,228.0,541.0000000000001,P,POP,2116.0
POP002L09P,2023-08-28,347.22,42.0,455.0000000000002,P,POP,2116.0
POP002L09P,2023-08-29,162.66000000000003,42.0,265.0,P,POP,2116.0
POP002L09P,2023-08-30,158.01,42.0,265.0,P,POP,2116.0
POP002L09P,2023-08-31,405.31,42.0,558.0,P,POP,2116.0
POP002L09P,2023-09-01,404.65,42.0,558.0,P,POP,2116.0
POP002L09P,2023-09-02,77.48000000000002,10.0,245.0000000000001,P,POP,2116.0
POP002L09P,2023-09-03,293.3500000000001,228.0,541.0000000000001,P,POP,2116.0
POP002L09P,2023-09-04,347.22,42.0,455.0000000000002,P,POP,2116.0
POP002L09P,2023-09-05,162.66000000000003,42.0,265.0,P,POP,2116.0
POP002L09P,2023-09-06,158.01,42.0,265.0,P,POP,2116.0
POP002L09P,2023-09-07,405.31,42.0,558.0,P,POP,2116.0
POP002L09P,2023-09-08,404.65,42.0,558.0,P,POP,2116.0
POP005L04P,2023-08-10,182.05,42.0,292.60000000000235,P,POP,2103.0
POP005L04P,2023-08-11,181.39,25.0,292.60000000000235,P,POP,2103.0
POP005L04P,2023-08-12,48.72,10.0,180.0,P,POP,2103.0
POP005L04P,2023-08-13,83.75,18.0,245.0000000000001,P,POP,2103.0
POP005L04P,2023-08-14,234.11,42.0,454.9999999999999,P,POP,2103.0
POP005L04P,2023-08-15,85.77,5.0,189.0000000000001,P,POP,2103.0
POP005L04P,2023-08-16,84.88,14.000000000000004,189.0000000000001,P,POP,2103.0
POP005L04P,2023-08-17,182.05,42.0,292.60000000000235,P,POP,2103.0
POP005L04P,2023-08-18,181.39,25.0,292.60000000000235,P,POP,2103.0
POP005L04P,2023-08-19,48.72,10.0,180.0,P,POP,2103.0
POP005L04P,2023-08-20,83.75,18.0,245.0000000000001,P,POP,2103.0
POP005L04P,2023-08-21,234.11,42.0,454.9999999999999,P,POP,2103.0
POP005L04P,2023-08-22,85.77,5.0,189.0000000000001,P,POP,2103.0
POP005L04P,2023-08-23,84.88,14.000000000000004,189.0000000000001,P,POP,2103.0
POP005L04P,2023-08-24,182.05,42.0,292.60000000000235,P,POP,2103.0
POP005L04P,2023-08-25,181.39,25.0,292.60000000000235,P,POP,2103.0
POP005L04P,2023-08-26,48.72,10.0,180.0,P,POP,2103.0
POP005L04P,2023-08-27,83.75,18.0,245.0000000000001,P,POP,2103.0
POP005L04P,2023-08-28,234.11,42.0,454.9999999999999,P,POP,2103.0
POP005L04P,2023-08-29,85.77,5.0,189.0000000000001,P,POP,2103.0
POP005L04P,2023-08-30,84.88,14.000000000000004,189.0000000000001,P,POP,2103.0
POP005L04P,2023-08-31,182.05,42.0,292.60000000000235,P,POP,2103.0
POP005L04P,2023-09-01,181.39,25.0,292.60000000000235,P,POP,2103.0
POP005L04P,2023-09-02,48.72,10.0,180.0,P,POP,2103.0
POP005L04P,2023-09-03,83.75,18.0,245.0000000000001,P,POP,2103.0
POP005L04P,2023-09-04,234.11,42.0,454.9999999999999,P,POP,2103.0
POP005L04P,2023-09-05,85.77,5.0,189.0000000000001,P,POP,2103.0
POP005L04P,2023-09-06,84.88,14.000000000000004,189.0000000000001,P,POP,2103.0
POP005L04P,2023-09-07,182.05,42.0,292.60000000000235,P,POP,2103.0
POP005L04P,2023-09-08,181.39,25.0,292.60000000000235,P,POP,2103.0
POP015K,2023-08-10,185.38,40.300000000000004,301.7000000000031,P,POP,2120.0
POP015K,2023-08-11,185.47,25.0,301.7000000000031,P,POP,2120.0
POP015K,2023-08-12,53.55,10.0,180.0,P,POP,2120.0
POP015K,2023-08-13,89.08,18.0,245.0000000000001,P,POP,2120.0
POP015K,2023-08-14,229.94,40.300000000000004,454.9999999999999,P,POP,2120.0
POP015K,2023-08-15,87.44,5.0,245.0,P,POP,2120.0
POP015K,2023-08-16,86.55,5.0,194.6000000000006,P,POP,2120.0
POP015K,2023-08-17,185.38,40.300000000000004,301.7000000000031,P,POP,2120.0
POP015K,2023-08-18,185.47,25.0,301.7000000000031,P,POP,2120.0
POP015K,2023-08-19,53.55,10.0,180.0,P,POP,2120.0
POP015K,2023-08-20,89.08,18.0,245.0000000000001,P,POP,2120.0
POP015K,2023-08-21,229.94,40.300000000000004,454.9999999999999,P,POP,2120.0
POP015K,2023-08-22,87.44,5.0,245.0,P,POP,2120.0
POP015K,2023-08-23,86.55,5.0,194.6000000000006,P,POP,2120.0
POP015K,2023-08-24,185.38,40.300000000000004,301.7000000000031,P,POP,2120.0
POP015K,2023-08-25,185.47,25.0,301.7000000000031,P,POP,2120.0
POP015K,2023-08-26,53.55,10.0,180.0,P,POP,2120.0
POP015K,2023-08-27,89.08,18.0,245.0000000000001,P,POP,2120.0
POP015K,2023-08-28,229.94,40.300000000000004,454.9999999999999,P,POP,2120.0
POP015K,2023-08-29,87.44,5.0,245.0,P,POP,2120.0
POP015K,2023-08-30,86.55,5.0,194.6000000000006,P,POP,2120.0
POP015K,2023-08-31,185.38,40.300000000000004,301.7000000000031,P,POP,2120.0
POP015K,2023-09-01,185.47,25.0,301.7000000000031,P,POP,2120.0
POP015K,2023-09-02,53.55,10.0,180.0,P,POP,2120.0
POP015K,2023-09-03,89.08,18.0,245.0000000000001,P,POP,2120.0
POP015K,2023-09-04,229.94,40.300000000000004,454.9999999999999,P,POP,2120.0
POP015K,2023-09-05,87.44,5.0,245.0,P,POP,2120.0
POP015K,2023-09-06,86.55,5.0,194.6000000000006,P,POP,2120.0
POP015K,2023-09-07,185.38,40.300000000000004,301.7000000000031,P,POP,2120.0
POP015K,2023-09-08,185.47,25.0,301.7000000000031,P,POP,2120.0
POP500M24P,2023-08-10,419.45,42.0,632.0,P,POP,2120.0
POP500M24P,2023-08-11,419.54,76.20000000000002,632.0,P,POP,2120.0
POP500M24P,2023-08-12,109.65,10.0,444.9999999999999,P,POP,2120.0
POP500M24P,2023-08-13,425.05,152.9,485.30000000000337,P,POP,2120.0
POP500M24P,2023-08-14,332.14,42.0,454.9999999999999,P,POP,2120.0
POP500M24P,2023-08-15,275.05,42.0,454.9999999999999,P,POP,2120.0
POP500M24P,2023-08-16,269.87,42.0,454.9999999999999,P,POP,2120.0
POP500M24P,2023-08-17,419.45,42.0,632.0,P,POP,2120.0
POP500M24P,2023-08-18,419.54,76.20000000000002,632.0,P,POP,2120.0
POP500M24P,2023-08-19,109.65,10.0,444.9999999999999,P,POP,2120.0
POP500M24P,2023-08-20,425.05,152.9,485.30000000000337,P,POP,2120.0
POP500M24P,2023-08-21,332.14,42.0,454.9999999999999,P,POP,2120.0
POP500M24P,2023-08-22,275.05,42.0,454.9999999999999,P,POP,2120.0
POP500M24P,2023-08-23,269.87,42.0,454.9999999999999,P,POP,2120.0
POP500M24P,2023-08-24,419.45,42.0,632.0,P,POP,2120.0
POP500M24P,2023-08-25,419.54,76.20000000000002,632.0,P,POP,2120.0
POP500M24P,2023-08-26,109.65,10.0,444.9999999999999,P,POP,2120.0
POP500M24P,2023-08-27,425.05,152.9,485.30000000000337,P,POP,2120.0
POP500M24P,2023-08-28,332.14,42.0,454.9999999999999,P,POP,2120.0
POP500M24P,2023-08-29,275.05,42.0,454.9999999999999,P,POP,2120.0
POP500M24P,2023-08-30,269.87,42.0,454.9999999999999,P,POP,2120.0
POP500M24P,2023-08-31,419.45,42.0,632.0,P,POP,2120.0
POP500M24P,2023-09-01,419.54,76.20000000000002,632.0,P,POP,2120.0
POP500M24P,2023-09-02,109.65,10.0,444.9999999999999,P,POP,2120.0
POP500M24P,2023-09-03,425.05,152.9,485.30000000000337,P,POP,2120.0
POP500M24P,2023-09-04,332.14,42.0,454.9999999999999,P,POP,2120.0
POP500M24P,2023-09-05,275.05,42.0,454.9999999999999,P,POP,2120.0
POP500M24P,2023-09-06,269.87,42.0,454.9999999999999,P,POP,2120.0
POP500M24P,2023-09-07,419.45,42.0,632.0,P,POP,2120.0
POP500M24P,2023-09-08,419.54,76.20000000000002,632.0,P,POP,2120.0
POPF01L12P,2023-08-10,204.52,98.0,265.0,P,POPF,2118.0
POPF01L12P,2023-08-11,204.93,100.0,265.0,P,POPF,2118.0
POPF01L12P,2023-08-12,107.79,24.300000000000004,232.0,P,POPF,2118.0
POPF01L12P,2023-08-13,258.05,155.0,444.9999999999999,P,POPF,2118.0
POPF01L12P,2023-08-14,322.9,99.0,454.9999999999999,P,POPF,2118.0
POPF01L12P,2023-08-15,203.93,53.7,265.0,P,POPF,2118.0
POPF01L12P,2023-08-16,199.01,42.0,265.0,P,POPF,2118.0
POPF01L12P,2023-08-17,204.52,98.0,265.0,P,POPF,2118.0
POPF01L12P,2023-08-18,204.93,100.0,265.0,P,POPF,2118.0
POPF01L12P,2023-08-19,107.79,24.300000000000004,232.0,P,POPF,2118.0
POPF01L12P,2023-08-20,258.05,155.0,444.9999999999999,P,POPF,2118.0
POPF01L12P,2023-08-21,322.9,99.0,454.9999999999999,P,POPF,2118.0
POPF01L12P,2023-08-22,203.93,53.7,265.0,P,POPF,2118.0
POPF01L12P,2023-08-23,199.01,42.0,265.0,P,POPF,2118.0
POPF01L12P,2023-08-24,204.52,98.0,265.0,P,POPF,2118.0
POPF01L12P,2023-08-25,204.93,100.0,265.0,P,POPF,2118.0
POPF01L12P,2023-08-26,107.79,24.300000000000004,232.0,P,POPF,2118.0
POPF01L12P,2023-08-27,258.05,155.0,444.9999999999999,P,POPF,2118.0
POPF01L12P,2023-08-28,322.9,99.0,454.9999999999999,P,POPF,2118.0
POPF01L12P,2023-08-29,203.93,53.7,265.0,P,POPF,2118.0
POPF01L12P,2023-08-30,199.01,42.0,265.0,P,POPF,2118.0
POPF01L12P,2023-08-31,204.52,98.0,265.0,P,POPF,2118.0
POPF01L12P,2023-09-01,204.93,100.0,265.0,P,POPF,2118.0
POPF01L12P,2023-09-02,107.79,24.300000000000004,232.0,P,POPF,2118.0
POPF01L12P,2023-09-03,258.05,155.0,444.9999999999999,P,POPF,2118.0
POPF01L12P,2023-09-04,322.9,99.0,454.9999999999999,P,POPF,2118.0
POPF01L12P,2023-09-05,203.93,53.7,265.0,P,POPF,2118.0
POPF01L12P,2023-09-06,199.01,42.0,265.0,P,POPF,2118.0
POPF01L12P,2023-09-07,204.52,98.0,265.0,P,POPF,2118.0
POPF01L12P,2023-09-08,204.93,100.0,265.0,P,POPF,2118.0
POV001L24P,2023-08-10,2132.62,159.3,5999.000000000001,P,POV,2120.0
POV001L24P,2023-08-11,2133.2,159.3,5999.000000000001,P,POV,2120.0
POV001L24P,2023-08-12,283.3999999999999,100.0,232.0,P,POV,2120.0
POV001L24P,2023-08-13,1723.6999999999994,178.5,3958.999999999998,P,POV,2120.0
POV001L24P,2023-08-14,3125.61,221.80000000000004,6066.999999999999,P,POV,2120.0
POV001L24P,2023-08-15,1424.3,180.0,1888.0,P,POV,2120.0
POV001L24P,2023-08-16,1359.67,172.00000000000003,1888.0,P,POV,2120.0
POV001L24P,2023-08-17,2132.62,159.3,5999.000000000001,P,POV,2120.0
POV001L24P,2023-08-18,2133.2,159.3,5999.000000000001,P,POV,2120.0
POV001L24P,2023-08-19,283.3999999999999,100.0,232.0,P,POV,2120.0
POV001L24P,2023-08-20,1723.6999999999994,178.5,3958.999999999998,P,POV,2120.0
POV001L24P,2023-08-21,3125.61,221.80000000000004,6066.999999999999,P,POV,2120.0
POV001L24P,2023-08-22,1424.3,180.0,1888.0,P,POV,2120.0
POV001L24P,2023-08-23,1359.67,172.00000000000003,1888.0,P,POV,2120.0
POV001L24P,2023-08-24,2132.62,159.3,5999.000000000001,P,POV,2120.0
POV001L24P,2023-08-25,2133.2,159.3,5999.000000000001,P,POV,2120.0
POV001L24P,2023-08-26,283.3999999999999,100.0,232.0,P,POV,2120.0
POV001L24P,2023-08-27,1723.6999999999994,178.5,3958.999999999998,P,POV,2120.0
POV001L24P,2023-08-28,3125.61,221.80000000000004,6066.999999999999,P,POV,2120.0
POV001L24P,2023-08-29,1424.3,180.0,1888.0,P,POV,2120.0
POV001L24P,2023-08-30,1359.67,172.00000000000003,1888.0,P,POV,2120.0
POV001L24P,2023-08-31,2132.62,159.3,5999.000000000001,P,POV,2120.0
POV001L24P,2023-09-01,2133.2,159.3,5999.000000000001,P,POV,2120.0
POV001L24P,2023-09-02,283.3999999999999,100.0,232.0,P,POV,2120.0
POV001L24P,2023-09-03,1723.6999999999994,178.5,3958.999999999998,P,POV,2120.0
POV001L24P,2023-09-04,3125.61,221.80000000000004,6066.999999999999,P,POV,2120.0
POV001L24P,2023-09-05,1424.3,180.0,1888.0,P,POV,2120.0
POV001L24P,2023-09-06,1359.67,172.00000000000003,1888.0,P,POV,2120.0
POV001L24P,2023-09-07,2132.62,159.3,5999.000000000001,P,POV,2120.0
POV001L24P,2023-09-08,2133.2,159.3,5999.000000000001,P,POV,2120.0
POV002L09P,2023-08-10,797.52,154.90000000000003,1550.0,P,POV,2103.0
POV002L09P,2023-08-11,798.1,154.90000000000003,1550.0,P,POV,2103.0
POV002L09P,2023-08-12,163.35999999999999,100.0,180.0,P,POV,2103.0
POV002L09P,2023-08-13,993.1299999999999,164.0,2175.0,P,POV,2103.0
POV002L09P,2023-08-14,2143.41,434.00000000000006,6066.999999999999,P,POV,2103.0
POV002L09P,2023-08-15,653.45,95.80000000000001,839.0,P,POV,2103.0
POV002L09P,2023-08-16,613.88,53.7,839.0,P,POV,2103.0
POV002L09P,2023-08-17,797.52,154.90000000000003,1550.0,P,POV,2103.0
POV002L09P,2023-08-18,798.1,154.90000000000003,1550.0,P,POV,2103.0
POV002L09P,2023-08-19,163.35999999999999,100.0,180.0,P,POV,2103.0
POV002L09P,2023-08-20,993.1299999999999,164.0,2175.0,P,POV,2103.0
POV002L09P,2023-08-21,2143.41,434.00000000000006,6066.999999999999,P,POV,2103.0
POV002L09P,2023-08-22,653.45,95.80000000000001,839.0,P,POV,2103.0
POV002L09P,2023-08-23,613.88,53.7,839.0,P,POV,2103.0
POV002L09P,2023-08-24,797.52,154.90000000000003,1550.0,P,POV,2103.0
POV002L09P,2023-08-25,798.1,154.90000000000003,1550.0,P,POV,2103.0
POV002L09P,2023-08-26,163.35999999999999,100.0,180.0,P,POV,2103.0
POV002L09P,2023-08-27,993.1299999999999,164.0,2175.0,P,POV,2103.0
POV002L09P,2023-08-28,2143.41,434.00000000000006,6066.999999999999,P,POV,2103.0
POV002L09P,2023-08-29,653.45,95.80000000000001,839.0,P,POV,2103.0
POV002L09P,2023-08-30,613.88,53.7,839.0,P,POV,2103.0
POV002L09P,2023-08-31,797.52,154.90000000000003,1550.0,P,POV,2103.0
POV002L09P,2023-09-01,798.1,154.90000000000003,1550.0,P,POV,2103.0
POV002L09P,2023-09-02,163.35999999999999,100.0,180.0,P,POV,2103.0
POV002L09P,2023-09-03,993.1299999999999,164.0,2175.0,P,POV,2103.0
POV002L09P,2023-09-04,2143.41,434.00000000000006,6066.999999999999,P,POV,2103.0
POV002L09P,2023-09-05,653.45,95.80000000000001,839.0,P,POV,2103.0
POV002L09P,2023-09-06,613.88,53.7,839.0,P,POV,2103.0
POV002L09P,2023-09-07,797.52,154.90000000000003,1550.0,P,POV,2103.0
POV002L09P,2023-09-08,798.1,154.90000000000003,1550.0,P,POV,2103.0
POV005L04P,2023-08-10,423.36,156.9,451.2000000000001,P,POV,2120.0
POV005L04P,2023-08-11,423.94,156.9,451.2000000000001,P,POV,2120.0
POV005L04P,2023-08-12,136.17,30.0,166.5000000000001,P,POV,2120.0
POV005L04P,2023-08-13,638.44,120.0,1153.0,P,POV,2120.0
POV005L04P,2023-08-14,1423.4,275.0,2261.000000000001,P,POV,2120.0
POV005L04P,2023-08-15,308.03,57.7,600.9999999999999,P,POV,2120.0
POV005L04P,2023-08-16,290.81,41.8,450.0,P,POV,2120.0
POV005L04P,2023-08-17,423.36,156.9,451.2000000000001,P,POV,2120.0
POV005L04P,2023-08-18,423.94,156.9,451.2000000000001,P,POV,2120.0
POV005L04P,2023-08-19,136.17,30.0,166.5000000000001,P,POV,2120.0
POV005L04P,2023-08-20,638.44,120.0,1153.0,P,POV,2120.0
POV005L04P,2023-08-21,1423.4,275.0,2261.000000000001,P,POV,2120.0
POV005L04P,2023-08-22,308.03,57.7,600.9999999999999,P,POV,2120.0
POV005L04P,2023-08-23,290.81,41.8,450.0,P,POV,2120.0
POV005L04P,2023-08-24,423.36,156.9,451.2000000000001,P,POV,2120.0
POV005L04P,2023-08-25,423.94,156.9,451.2000000000001,P,POV,2120.0
POV005L04P,2023-08-26,136.17,30.0,166.5000000000001,P,POV,2120.0
POV005L04P,2023-08-27,638.44,120.0,1153.0,P,POV,2120.0
POV005L04P,2023-08-28,1423.4,275.0,2261.000000000001,P,POV,2120.0
POV005L04P,2023-08-29,308.03,57.7,600.9999999999999,P,POV,2120.0
POV005L04P,2023-08-30,290.81,41.8,450.0,P,POV,2120.0
POV005L04P,2023-08-31,423.36,156.9,451.2000000000001,P,POV,2120.0
POV005L04P,2023-09-01,423.94,156.9,451.2000000000001,P,POV,2120.0
POV005L04P,2023-09-02,136.17,30.0,166.5000000000001,P,POV,2120.0
POV005L04P,2023-09-03,638.44,120.0,1153.0,P,POV,2120.0
POV005L04P,2023-09-04,1423.4,275.0,2261.000000000001,P,POV,2120.0
POV005L04P,2023-09-05,308.03,57.7,600.9999999999999,P,POV,2120.0
POV005L04P,2023-09-06,290.81,41.8,450.0,P,POV,2120.0
POV005L04P,2023-09-07,423.36,156.9,451.2000000000001,P,POV,2120.0
POV005L04P,2023-09-08,423.94,156.9,451.2000000000001,P,POV,2120.0
POV500M24P,2023-08-10,988.4400000000003,120.0,2868.000000000001,P,POV,2120.0
POV500M24P,2023-08-11,988.5700000000003,120.0,2868.000000000001,P,POV,2120.0
POV500M24P,2023-08-12,107.12,50.0,165.0,P,POV,2120.0
POV500M24P,2023-08-13,1098.11,120.0,2175.0,P,POV,2120.0
POV500M24P,2023-08-14,1981.5400000000002,275.0,3234.000000000001,P,POV,2120.0
POV500M24P,2023-08-15,499.82,55.0,600.9999999999999,P,POV,2120.0
POV500M24P,2023-08-16,471.85,41.8,600.9999999999999,P,POV,2120.0
POV500M24P,2023-08-17,988.4400000000003,120.0,2868.000000000001,P,POV,2120.0
POV500M24P,2023-08-18,988.5700000000003,120.0,2868.000000000001,P,POV,2120.0
POV500M24P,2023-08-19,107.12,50.0,165.0,P,POV,2120.0
POV500M24P,2023-08-20,1098.11,120.0,2175.0,P,POV,2120.0
POV500M24P,2023-08-21,1981.5400000000002,275.0,3234.000000000001,P,POV,2120.0
POV500M24P,2023-08-22,499.82,55.0,600.9999999999999,P,POV,2120.0
POV500M24P,2023-08-23,471.85,41.8,600.9999999999999,P,POV,2120.0
POV500M24P,2023-08-24,988.4400000000003,120.0,2868.000000000001,P,POV,2120.0
POV500M24P,2023-08-25,988.5700000000003,120.0,2868.000000000001,P,POV,2120.0
POV500M24P,2023-08-26,107.12,50.0,165.0,P,POV,2120.0
POV500M24P,2023-08-27,1098.11,120.0,2175.0,P,POV,2120.0
POV500M24P,2023-08-28,1981.5400000000002,275.0,3234.000000000001,P,POV,2120.0
POV500M24P,2023-08-29,499.82,55.0,600.9999999999999,P,POV,2120.0
POV500M24P,2023-08-30,471.85,41.8,600.9999999999999,P,POV,2120.0
POV500M24P,2023-08-31,988.4400000000003,120.0,2868.000000000001,P,POV,2120.0
POV500M24P,2023-09-01,988.5700000000003,120.0,2868.000000000001,P,POV,2120.0
POV500M24P,2023-09-02,107.12,50.0,165.0,P,POV,2120.0
POV500M24P,2023-09-03,1098.11,120.0,2175.0,P,POV,2120.0
POV500M24P,2023-09-04,1981.5400000000002,275.0,3234.000000000001,P,POV,2120.0
POV500M24P,2023-09-05,499.82,55.0,600.9999999999999,P,POV,2120.0
POV500M24P,2023-09-06,471.85,41.8,600.9999999999999,P,POV,2120.0
POV500M24P,2023-09-07,988.4400000000003,120.0,2868.000000000001,P,POV,2120.0
POV500M24P,2023-09-08,988.5700000000003,120.0,2868.000000000001,P,POV,2120.0
SE200G24P,2023-08-10,254.16,40.0,450.0,S,SE,1918.0
SE200G24P,2023-08-11,254.57,40.0,450.0,S,SE,1918.0
SE200G24P,2023-08-12,52.55930916666667,0.1670833333333334,120.0,S,SE,1918.0
SE200G24P,2023-08-13,146.46,36.00000000000001,232.0,S,SE,1918.0
SE200G24P,2023-08-14,704.14,40.0,1617.0,S,SE,1918.0
SE200G24P,2023-08-15,140.92,40.0,163.20000000000002,S,SE,1918.0
SE200G24P,2023-08-16,86.34,40.0,163.0,S,SE,1918.0
SE200G24P,2023-08-17,254.16,40.0,450.0,S,SE,1918.0
SE200G24P,2023-08-18,254.57,40.0,450.0,S,SE,1918.0
SE200G24P,2023-08-19,52.55930916666667,0.1670833333333334,120.0,S,SE,1918.0
SE200G24P,2023-08-20,146.46,36.00000000000001,232.0,S,SE,1918.0
SE200G24P,2023-08-21,704.14,40.0,1617.0,S,SE,1918.0
SE200G24P,2023-08-22,140.92,40.0,163.20000000000002,S,SE,1918.0
SE200G24P,2023-08-23,86.34,40.0,163.0,S,SE,1918.0
SE200G24P,2023-08-24,254.16,40.0,450.0,S,SE,1918.0
SE200G24P,2023-08-25,254.57,40.0,450.0,S,SE,1918.0
SE200G24P,2023-08-26,52.55930916666667,0.1670833333333334,120.0,S,SE,1918.0
SE200G24P,2023-08-27,146.46,36.00000000000001,232.0,S,SE,1918.0
SE200G24P,2023-08-28,704.14,40.0,1617.0,S,SE,1918.0
SE200G24P,2023-08-29,140.92,40.0,163.20000000000002,S,SE,1918.0
SE200G24P,2023-08-30,86.34,40.0,163.0,S,SE,1918.0
SE200G24P,2023-08-31,254.16,40.0,450.0,S,SE,1918.0
SE200G24P,2023-09-01,254.57,40.0,450.0,S,SE,1918.0
SE200G24P,2023-09-02,52.55930916666667,0.1670833333333334,120.0,S,SE,1918.0
SE200G24P,2023-09-03,146.46,36.00000000000001,232.0,S,SE,1918.0
SE200G24P,2023-09-04,704.14,40.0,1617.0,S,SE,1918.0
SE200G24P,2023-09-05,140.92,40.0,163.20000000000002,S,SE,1918.0
SE200G24P,2023-09-06,86.34,40.0,163.0,S,SE,1918.0
SE200G24P,2023-09-07,254.16,40.0,450.0,S,SE,1918.0
SE200G24P,2023-09-08,254.57,40.0,450.0,S,SE,1918.0
SE500G24P,2023-08-10,1042.195,41.8,2517.0,S,SE,1911.0
SE500G24P,2023-08-11,1042.605,49.0,2517.0,S,SE,1911.0
SE500G24P,2023-08-12,84.25248083333334,50.0,120.0,S,SE,1911.0
SE500G24P,2023-08-13,336.86,83.0,468.0,S,SE,1911.0
SE500G24P,2023-08-14,1309.95,161.0,2517.0,S,SE,1911.0
SE500G24P,2023-08-15,1501.18,83.0,2517.0,S,SE,1911.0
SE500G24P,2023-08-16,1361.6,40.0,2517.0,S,SE,1911.0
SE500G24P,2023-08-17,1042.195,41.8,2517.0,S,SE,1911.0
SE500G24P,2023-08-18,1042.605,49.0,2517.0,S,SE,1911.0
SE500G24P,2023-08-19,84.25248083333334,50.0,120.0,S,SE,1911.0
SE500G24P,2023-08-20,336.86,83.0,468.0,S,SE,1911.0
SE500G24P,2023-08-21,1309.95,161.0,2517.0,S,SE,1911.0
SE500G24P,2023-08-22,1501.18,83.0,2517.0,S,SE,1911.0
SE500G24P,2023-08-23,1361.6,40.0,2517.0,S,SE,1911.0
SE500G24P,2023-08-24,1042.195,41.8,2517.0,S,SE,1911.0
SE500G24P,2023-08-25,1042.605,49.0,2517.0,S,SE,1911.0
SE500G24P,2023-08-26,84.25248083333334,50.0,120.0,S,SE,1911.0
SE500G24P,2023-08-27,336.86,83.0,468.0,S,SE,1911.0
SE500G24P,2023-08-28,1309.95,161.0,2517.0,S,SE,1911.0
SE500G24P,2023-08-29,1501.18,83.0,2517.0,S,SE,1911.0
SE500G24P,2023-08-30,1361.6,40.0,2517.0,S,SE,1911.0
SE500G24P,2023-08-31,1042.195,41.8,2517.0,S,SE,1911.0
SE500G24P,2023-09-01,1042.605,49.0,2517.0,S,SE,1911.0
SE500G24P,2023-09-02,84.25248083333334,50.0,120.0,S,SE,1911.0
SE500G24P,2023-09-03,336.86,83.0,468.0,S,SE,1911.0
SE500G24P,2023-09-04,1309.95,161.0,2517.0,S,SE,1911.0
SE500G24P,2023-09-05,1501.18,83.0,2517.0,S,SE,1911.0
SE500G24P,2023-09-06,1361.6,40.0,2517.0,S,SE,1911.0
SE500G24P,2023-09-07,1042.195,41.8,2517.0,S,SE,1911.0
SE500G24P,2023-09-08,1042.605,49.0,2517.0,S,SE,1911.0
SO0001L12P,2023-08-10,246.12,4.999999999999999,217.8000000000022,S,SO,2119.0
SO0001L12P,2023-08-11,246.53,4.999999999999999,217.8000000000022,S,SO,2119.0
SO0001L12P,2023-08-12,83.33248083333334,50.0,120.0,S,SO,2119.0
SO0001L12P,2023-08-13,278.11,30.0,468.0,S,SO,2119.0
SO0001L12P,2023-08-14,553.17,0.9999999999999999,2517.0,S,SO,2119.0
SO0001L12P,2023-08-15,548.29,1.0,2517.0,S,SO,2119.0
SO0001L12P,2023-08-16,423.525,4.999999999999999,2517.0,S,SO,2119.0
SO0001L12P,2023-08-17,246.12,4.999999999999999,217.8000000000022,S,SO,2119.0
SO0001L12P,2023-08-18,246.53,4.999999999999999,217.8000000000022,S,SO,2119.0
SO0001L12P,2023-08-19,83.33248083333334,50.0,120.0,S,SO,2119.0
SO0001L12P,2023-08-20,278.11,30.0,468.0,S,SO,2119.0
SO0001L12P,2023-08-21,553.17,0.9999999999999999,2517.0,S,SO,2119.0
SO0001L12P,2023-08-22,548.29,1.0,2517.0,S,SO,2119.0
SO0001L12P,2023-08-23,423.525,4.999999999999999,2517.0,S,SO,2119.0
SO0001L12P,2023-08-24,246.12,4.999999999999999,217.8000000000022,S,SO,2119.0
SO0001L12P,2023-08-25,246.53,4.999999999999999,217.8000000000022,S,SO,2119.0
SO0001L12P,2023-08-26,83.33248083333334,50.0,120.0,S,SO,2119.0
SO0001L12P,2023-08-27,278.11,30.0,468.0,S,SO,2119.0
SO0001L12P,2023-08-28,553.17,0.9999999999999999,2517.0,S,SO,2119.0
SO0001L12P,2023-08-29,548.29,1.0,2517.0,S,SO,2119.0
SO0001L12P,2023-08-30,423.525,4.999999999999999,2517.0,S,SO,2119.0
SO0001L12P,2023-08-31,246.12,4.999999999999999,217.8000000000022,S,SO,2119.0
SO0001L12P,2023-09-01,246.53,4.999999999999999,217.8000000000022,S,SO,2119.0
SO0001L12P,2023-09-02,83.33248083333334,50.0,120.0,S,SO,2119.0
SO0001L12P,2023-09-03,278.11,30.0,468.0,S,SO,2119.0
SO0001L12P,2023-09-04,553.17,0.9999999999999999,2517.0,S,SO,2119.0
SO0001L12P,2023-09-05,548.29,1.0,2517.0,S,SO,2119.0
SO0001L12P,2023-09-06,423.525,4.999999999999999,2517.0,S,SO,2119.0
SO0001L12P,2023-09-07,246.12,4.999999999999999,217.8000000000022,S,SO,2119.0
SO0001L12P,2023-09-08,246.53,4.999999999999999,217.8000000000022,S,SO,2119.0
SO0002L09P,2023-08-10,143.32,4.999999999999999,161.0,S,SO,2119.0
SO0002L09P,2023-08-11,143.73,4.999999999999999,161.0,S,SO,2119.0
SO0002L09P,2023-08-12,82.86248083333334,50.0,120.0,S,SO,2119.0
SO0002L09P,2023-08-13,273.51,30.0,468.0,S,SO,2119.0
SO0002L09P,2023-08-14,340.58,0.9999999999999998,1295.0,S,SO,2119.0
SO0002L09P,2023-08-15,337.9,0.9999999999999999,2517.0,S,SO,2119.0
SO0002L09P,2023-08-16,205.94,4.999999999999999,161.20000000000002,S,SO,2119.0
SO0002L09P,2023-08-17,143.32,4.999999999999999,161.0,S,SO,2119.0
SO0002L09P,2023-08-18,143.73,4.999999999999999,161.0,S,SO,2119.0
SO0002L09P,2023-08-19,82.86248083333334,50.0,120.0,S,SO,2119.0
SO0002L09P,2023-08-20,273.51,30.0,468.0,S,SO,2119.0
SO0002L09P,2023-08-21,340.58,0.9999999999999998,1295.0,S,SO,2119.0
SO0002L09P,2023-08-22,337.9,0.9999999999999999,2517.0,S,SO,2119.0
SO0002L09P,2023-08-23,205.94,4.999999999999999,161.20000000000002,S,SO,2119.0
SO0002L09P,2023-08-24,143.32,4.999999999999999,161.0,S,SO,2119.0
SO0002L09P,2023-08-25,143.73,4.999999999999999,161.0,S,SO,2119.0
SO0002L09P,2023-08-26,82.86248083333334,50.0,120.0,S,SO,2119.0
SO0002L09P,2023-08-27,273.51,30.0,468.0,S,SO,2119.0
SO0002L09P,2023-08-28,340.58,0.9999999999999998,1295.0,S,SO,2119.0
SO0002L09P,2023-08-29,337.9,0.9999999999999999,2517.0,S,SO,2119.0
SO0002L09P,2023-08-30,205.94,4.999999999999999,161.20000000000002,S,SO,2119.0
SO0002L09P,2023-08-31,143.32,4.999999999999999,161.0,S,SO,2119.0
SO0002L09P,2023-09-01,143.73,4.999999999999999,161.0,S,SO,2119.0
SO0002L09P,2023-09-02,82.86248083333334,50.0,120.0,S,SO,2119.0
SO0002L09P,2023-09-03,273.51,30.0,468.0,S,SO,2119.0
SO0002L09P,2023-09-04,340.58,0.9999999999999998,1295.0,S,SO,2119.0
SO0002L09P,2023-09-05,337.9,0.9999999999999999,2517.0,S,SO,2119.0
SO0002L09P,2023-09-06,205.94,4.999999999999999,161.20000000000002,S,SO,2119.0
SO0002L09P,2023-09-07,143.32,4.999999999999999,161.0,S,SO,2119.0
SO0002L09P,2023-09-08,143.73,4.999999999999999,161.0,S,SO,2119.0
SO0005L04P,2023-08-10,94.91,4.999999999999999,161.0,S,SO,2119.0
SO0005L04P,2023-08-11,95.32,4.999999999999999,161.0,S,SO,2119.0
SO0005L04P,2023-08-12,59.91836018115942,7.999999999999999,120.0,S,SO,2119.0
SO0005L04P,2023-08-13,207.91,30.0,468.0,S,SO,2119.0
SO0005L04P,2023-08-14,212.78,0.9999999999999998,434.0,S,SO,2119.0
SO0005L04P,2023-08-15,214.52,0.9999999999999998,163.20000000000002,S,SO,2119.0
SO0005L04P,2023-08-16,132.44,1.0,161.0,S,SO,2119.0
SO0005L04P,2023-08-17,94.91,4.999999999999999,161.0,S,SO,2119.0
SO0005L04P,2023-08-18,95.32,4.999999999999999,161.0,S,SO,2119.0
SO0005L04P,2023-08-19,59.91836018115942,7.999999999999999,120.0,S,SO,2119.0
SO0005L04P,2023-08-20,207.91,30.0,468.0,S,SO,2119.0
SO0005L04P,2023-08-21,212.78,0.9999999999999998,434.0,S,SO,2119.0
SO0005L04P,2023-08-22,214.52,0.9999999999999998,163.20000000000002,S,SO,2119.0
SO0005L04P,2023-08-23,132.44,1.0,161.0,S,SO,2119.0
SO0005L04P,2023-08-24,94.91,4.999999999999999,161.0,S,SO,2119.0
SO0005L04P,2023-08-25,95.32,4.999999999999999,161.0,S,SO,2119.0
SO0005L04P,2023-08-26,59.91836018115942,7.999999999999999,120.0,S,SO,2119.0
SO0005L04P,2023-08-27,207.91,30.0,468.0,S,SO,2119.0
SO0005L04P,2023-08-28,212.78,0.9999999999999998,434.0,S,SO,2119.0
SO0005L04P,2023-08-29,214.52,0.9999999999999998,163.20000000000002,S,SO,2119.0
SO0005L04P,2023-08-30,132.44,1.0,161.0,S,SO,2119.0
SO0005L04P,2023-08-31,94.91,4.999999999999999,161.0,S,SO,2119.0
SO0005L04P,2023-09-01,95.32,4.999999999999999,161.0,S,SO,2119.0
SO0005L04P,2023-09-02,59.91836018115942,7.999999999999999,120.0,S,SO,2119.0
SO0005L04P,2023-09-03,207.91,30.0,468.0,S,SO,2119.0
SO0005L04P,2023-09-04,212.78,0.9999999999999998,434.0,S,SO,2119.0
SO0005L04P,2023-09-05,214.52,0.9999999999999998,163.20000000000002,S,SO,2119.0
SO0005L04P,2023-09-06,132.44,1.0,161.0,S,SO,2119.0
SO0005L04P,2023-09-07,94.91,4.999999999999999,161.0,S,SO,2119.0
SO0005L04P,2023-09-08,95.32,4.999999999999999,161.0,S,SO,2119.0
SO0500M24P,2023-08-10,96.3625,1.0,161.0,S,SO,2114.0
SO0500M24P,2023-08-11,96.7725,1.0,161.0,S,SO,2114.0
SO0500M24P,2023-08-12,59.91836018115942,7.999999999999999,120.0,S,SO,2114.0
SO0500M24P,2023-08-13,201.15,30.0,468.0,S,SO,2114.0
SO0500M24P,2023-08-14,213.49,0.9999999999999998,434.0,S,SO,2114.0
SO0500M24P,2023-08-15,215.9325,0.9999999999999998,163.20000000000002,S,SO,2114.0
SO0500M24P,2023-08-16,133.9525,1.0,161.0,S,SO,2114.0
SO0500M24P,2023-08-17,96.3625,1.0,161.0,S,SO,2114.0
SO0500M24P,2023-08-18,96.7725,1.0,161.0,S,SO,2114.0
SO0500M24P,2023-08-19,59.91836018115942,7.999999999999999,120.0,S,SO,2114.0
SO0500M24P,2023-08-20,201.15,30.0,468.0,S,SO,2114.0
SO0500M24P,2023-08-21,213.49,0.9999999999999998,434.0,S,SO,2114.0
SO0500M24P,2023-08-22,215.9325,0.9999999999999998,163.20000000000002,S,SO,2114.0
SO0500M24P,2023-08-23,133.9525,1.0,161.0,S,SO,2114.0
SO0500M24P,2023-08-24,96.3625,1.0,161.0,S,SO,2114.0
SO0500M24P,2023-08-25,96.7725,1.0,161.0,S,SO,2114.0
SO0500M24P,2023-08-26,59.91836018115942,7.999999999999999,120.0,S,SO,2114.0
SO0500M24P,2023-08-27,201.15,30.0,468.0,S,SO,2114.0
SO0500M24P,2023-08-28,213.49,0.9999999999999998,434.0,S,SO,2114.0
SO0500M24P,2023-08-29,215.9325,0.9999999999999998,163.20000000000002,S,SO,2114.0
SO0500M24P,2023-08-30,133.9525,1.0,161.0,S,SO,2114.0
SO0500M24P,2023-08-31,96.3625,1.0,161.0,S,SO,2114.0
SO0500M24P,2023-09-01,96.7725,1.0,161.0,S,SO,2114.0
SO0500M24P,2023-09-02,59.91836018115942,7.999999999999999,120.0,S,SO,2114.0
SO0500M24P,2023-09-03,201.15,30.0,468.0,S,SO,2114.0
SO0500M24P,2023-09-04,213.49,0.9999999999999998,434.0,S,SO,2114.0
SO0500M24P,2023-09-05,215.9325,0.9999999999999998,163.20000000000002,S,SO,2114.0
SO0500M24P,2023-09-06,133.9525,1.0,161.0,S,SO,2114.0
SO0500M24P,2023-09-07,96.3625,1.0,161.0,S,SO,2114.0
SO0500M24P,2023-09-08,96.7725,1.0,161.0,S,SO,2114.0
SOP001L12P,2023-08-10,134.9925,61.75,161.0,S,SOP,2117.0
SOP001L12P,2023-08-11,134.9925,61.75,161.0,S,SOP,2117.0
SOP001L12P,2023-08-12,40.65670018115942,7.999999999999999,120.0,S,SOP,2117.0
SOP001L12P,2023-08-13,138.78,30.0,253.3000000000018,S,SOP,2117.0
SOP001L12P,2023-08-14,207.215,23.0,161.40000000000003,S,SOP,2117.0
SOP001L12P,2023-08-15,237.73,38.300000000000004,161.0,S,SOP,2117.0
SOP001L12P,2023-08-16,147.24165942028986,15.0,161.0,S,SOP,2117.0
SOP001L12P,2023-08-17,134.9925,61.75,161.0,S,SOP,2117.0
SOP001L12P,2023-08-18,134.9925,61.75,161.0,S,SOP,2117.0
SOP001L12P,2023-08-19,40.65670018115942,7.999999999999999,120.0,S,SOP,2117.0
SOP001L12P,2023-08-20,138.78,30.0,253.3000000000018,S,SOP,2117.0
SOP001L12P,2023-08-21,207.215,23.0,161.40000000000003,S,SOP,2117.0
SOP001L12P,2023-08-22,237.73,38.300000000000004,161.0,S,SOP,2117.0
SOP001L12P,2023-08-23,147.24165942028986,15.0,161.0,S,SOP,2117.0
SOP001L12P,2023-08-24,134.9925,61.75,161.0,S,SOP,2117.0
SOP001L12P,2023-08-25,134.9925,61.75,161.0,S,SOP,2117.0
SOP001L12P,2023-08-26,40.65670018115942,7.999999999999999,120.0,S,SOP,2117.0
SOP001L12P,2023-08-27,138.78,30.0,253.3000000000018,S,SOP,2117.0
SOP001L12P,2023-08-28,207.215,23.0,161.40000000000003,S,SOP,2117.0
SOP001L12P,2023-08-29,237.73,38.300000000000004,161.0,S,SOP,2117.0
SOP001L12P,2023-08-30,147.24165942028986,15.0,161.0,S,SOP,2117.0
SOP001L12P,2023-08-31,134.9925,61.75,161.0,S,SOP,2117.0
SOP001L12P,2023-09-01,134.9925,61.75,161.0,S,SOP,2117.0
SOP001L12P,2023-09-02,40.65670018115942,7.999999999999999,120.0,S,SOP,2117.0
SOP001L12P,2023-09-03,138.78,30.0,253.3000000000018,S,SOP,2117.0
SOP001L12P,2023-09-04,207.215,23.0,161.40000000000003,S,SOP,2117.0
SOP001L12P,2023-09-05,237.73,38.300000000000004,161.0,S,SOP,2117.0
SOP001L12P,2023-09-06,147.24165942028986,15.0,161.0,S,SOP,2117.0
SOP001L12P,2023-09-07,134.9925,61.75,161.0,S,SOP,2117.0
SOP001L12P,2023-09-08,134.9925,61.75,161.0,S,SOP,2117.0
SOS001L12P,2023-08-10,3175.8056693840585,481.9999999999999,11633.66594202899,S,SOS,2120.0
SOS001L12P,2023-08-11,1173.8157998188406,472.4999999999999,958.5,S,SOS,2120.0
SOS001L12P,2023-08-12,1173.8157998188406,472.4999999999999,958.5,S,SOS,2120.0
SOS001L12P,2023-08-13,9160.29,4788.000000000003,10816.0,S,SOS,2120.0
SOS001L12P,2023-08-14,13496.773539251208,11633.665942028989,15930.33297101449,S,SOS,2120.0
SOS001L12P,2023-08-15,6545.087122282612,481.9999999999999,11633.66594202899,S,SOS,2120.0
SOS001L12P,2023-08-16,3175.8056693840585,481.9999999999999,11633.66594202899,S,SOS,2120.0
SOS001L12P,2023-08-17,3175.8056693840585,481.9999999999999,11633.66594202899,S,SOS,2120.0
SOS001L12P,2023-08-18,1173.8157998188406,472.4999999999999,958.5,S,SOS,2120.0
SOS001L12P,2023-08-19,1173.8157998188406,472.4999999999999,958.5,S,SOS,2120.0
SOS001L12P,2023-08-20,9160.29,4788.000000000003,10816.0,S,SOS,2120.0
SOS001L12P,2023-08-21,13496.773539251208,11633.665942028989,15930.33297101449,S,SOS,2120.0
SOS001L12P,2023-08-22,6545.087122282612,481.9999999999999,11633.66594202899,S,SOS,2120.0
SOS001L12P,2023-08-23,3175.8056693840585,481.9999999999999,11633.66594202899,S,SOS,2120.0
SOS001L12P,2023-08-24,3175.8056693840585,481.9999999999999,11633.66594202899,S,SOS,2120.0
SOS001L12P,2023-08-25,1173.8157998188406,472.4999999999999,958.5,S,SOS,2120.0
SOS001L12P,2023-08-26,1173.8157998188406,472.4999999999999,958.5,S,SOS,2120.0
SOS001L12P,2023-08-27,9160.29,4788.000000000003,10816.0,S,SOS,2120.0
SOS001L12P,2023-08-28,13496.773539251208,11633.665942028989,15930.33297101449,S,SOS,2120.0
SOS001L12P,2023-08-29,6545.087122282612,481.9999999999999,11633.66594202899,S,SOS,2120.0
SOS001L12P,2023-08-30,3175.8056693840585,481.9999999999999,11633.66594202899,S,SOS,2120.0
SOS001L12P,2023-08-31,3175.8056693840585,481.9999999999999,11633.66594202899,S,SOS,2120.0
SOS001L12P,2023-09-01,1173.8157998188406,472.4999999999999,958.5,S,SOS,2120.0
SOS001L12P,2023-09-02,1173.8157998188406,472.4999999999999,958.5,S,SOS,2120.0
SOS001L12P,2023-09-03,9160.29,4788.000000000003,10816.0,S,SOS,2120.0
SOS001L12P,2023-09-04,13496.773539251208,11633.665942028989,15930.33297101449,S,SOS,2120.0
SOS001L12P,2023-09-05,6545.087122282612,481.9999999999999,11633.66594202899,S,SOS,2120.0
SOS001L12P,2023-09-06,3175.8056693840585,481.9999999999999,11633.66594202899,S,SOS,2120.0
SOS001L12P,2023-09-07,3175.8056693840585,481.9999999999999,11633.66594202899,S,SOS,2120.0
SOS001L12P,2023-09-08,1173.8157998188406,472.4999999999999,958.5,S,SOS,2120.0
SOS002L09P,2023-08-10,1962.511039251208,387.0,6471.999999999999,S,SOS,2120.0
SOS002L09P,2023-08-11,1055.4221606280196,387.0,872.4440217391302,S,SOS,2120.0
SOS002L09P,2023-08-12,1055.4221606280196,387.0,872.4440217391302,S,SOS,2120.0
SOS002L09P,2023-08-13,7442.680000000001,4327.499999999999,10816.0,S,SOS,2120.0
SOS002L09P,2023-08-14,11555.538155797101,6471.999999999999,15930.33297101449,S,SOS,2120.0
SOS002L09P,2023-08-15,4116.41113647343,387.0,8751.400000000023,S,SOS,2120.0
SOS002L09P,2023-08-16,1962.511039251208,387.0,6471.999999999999,S,SOS,2120.0
SOS002L09P,2023-08-17,1962.511039251208,387.0,6471.999999999999,S,SOS,2120.0
SOS002L09P,2023-08-18,1055.4221606280196,387.0,872.4440217391302,S,SOS,2120.0
SOS002L09P,2023-08-19,1055.4221606280196,387.0,872.4440217391302,S,SOS,2120.0
SOS002L09P,2023-08-20,7442.680000000001,4327.499999999999,10816.0,S,SOS,2120.0
SOS002L09P,2023-08-21,11555.538155797101,6471.999999999999,15930.33297101449,S,SOS,2120.0
SOS002L09P,2023-08-22,4116.41113647343,387.0,8751.400000000023,S,SOS,2120.0
SOS002L09P,2023-08-23,1962.511039251208,387.0,6471.999999999999,S,SOS,2120.0
SOS002L09P,2023-08-24,1962.511039251208,387.0,6471.999999999999,S,SOS,2120.0
SOS002L09P,2023-08-25,1055.4221606280196,387.0,872.4440217391302,S,SOS,2120.0
SOS002L09P,2023-08-26,1055.4221606280196,387.0,872.4440217391302,S,SOS,2120.0
SOS002L09P,2023-08-27,7442.680000000001,4327.499999999999,10816.0,S,SOS,2120.0
SOS002L09P,2023-08-28,11555.538155797101,6471.999999999999,15930.33297101449,S,SOS,2120.0
SOS002L09P,2023-08-29,4116.41113647343,387.0,8751.400000000023,S,SOS,2120.0
SOS002L09P,2023-08-30,1962.511039251208,387.0,6471.999999999999,S,SOS,2120.0
SOS002L09P,2023-08-31,1962.511039251208,387.0,6471.999999999999,S,SOS,2120.0
SOS002L09P,2023-09-01,1055.4221606280196,387.0,872.4440217391302,S,SOS,2120.0
SOS002L09P,2023-09-02,1055.4221606280196,387.0,872.4440217391302,S,SOS,2120.0
SOS002L09P,2023-09-03,7442.680000000001,4327.499999999999,10816.0,S,SOS,2120.0
SOS002L09P,2023-09-04,11555.538155797101,6471.999999999999,15930.33297101449,S,SOS,2120.0
SOS002L09P,2023-09-05,4116.41113647343,387.0,8751.400000000023,S,SOS,2120.0
SOS002L09P,2023-09-06,1962.511039251208,387.0,6471.999999999999,S,SOS,2120.0
SOS002L09P,2023-09-07,1962.511039251208,387.0,6471.999999999999,S,SOS,2120.0
SOS002L09P,2023-09-08,1055.4221606280196,387.0,872.4440217391302,S,SOS,2120.0
SOS003L04P,2023-08-10,757.1300000000001,102.0,1435.999999999999,S,SOS,2116.0
SOS003L04P,2023-08-11,350.35000000000014,102.0,312.0,S,SOS,2116.0
SOS003L04P,2023-08-12,350.35000000000014,102.0,312.0,S,SOS,2116.0
SOS003L04P,2023-08-13,3176.990000000001,830.9999999999995,8522.000000000004,S,SOS,2116.0
SOS003L04P,2023-08-14,7133.204282608694,1270.0,13149.6699879227,S,SOS,2116.0
SOS003L04P,2023-08-15,1709.0200187198068,102.0,6471.999999999999,S,SOS,2116.0
SOS003L04P,2023-08-16,757.1300000000001,102.0,1435.999999999999,S,SOS,2116.0
SOS003L04P,2023-08-17,757.1300000000001,102.0,1435.999999999999,S,SOS,2116.0
SOS003L04P,2023-08-18,350.35000000000014,102.0,312.0,S,SOS,2116.0
SOS003L04P,2023-08-19,350.35000000000014,102.0,312.0,S,SOS,2116.0
SOS003L04P,2023-08-20,3176.990000000001,830.9999999999995,8522.000000000004,S,SOS,2116.0
SOS003L04P,2023-08-21,7133.204282608694,1270.0,13149.6699879227,S,SOS,2116.0
SOS003L04P,2023-08-22,1709.0200187198068,102.0,6471.999999999999,S,SOS,2116.0
SOS003L04P,2023-08-23,757.1300000000001,102.0,1435.999999999999,S,SOS,2116.0
SOS003L04P,2023-08-24,757.1300000000001,102.0,1435.999999999999,S,SOS,2116.0
SOS003L04P,2023-08-25,350.35000000000014,102.0,312.0,S,SOS,2116.0
SOS003L04P,2023-08-26,350.35000000000014,102.0,312.0,S,SOS,2116.0
SOS003L04P,2023-08-27,3176.990000000001,830.9999999999995,8522.000000000004,S,SOS,2116.0
SOS003L04P,2023-08-28,7133.204282608694,1270.0,13149.6699879227,S,SOS,2116.0
SOS003L04P,2023-08-29,1709.0200187198068,102.0,6471.999999999999,S,SOS,2116.0
SOS003L04P,2023-08-30,757.1300000000001,102.0,1435.999999999999,S,SOS,2116.0
SOS003L04P,2023-08-31,757.1300000000001,102.0,1435.999999999999,S,SOS,2116.0
SOS003L04P,2023-09-01,350.35000000000014,102.0,312.0,S,SOS,2116.0
SOS003L04P,2023-09-02,350.35000000000014,102.0,312.0,S,SOS,2116.0
SOS003L04P,2023-09-03,3176.990000000001,830.9999999999995,8522.000000000004,S,SOS,2116.0
SOS003L04P,2023-09-04,7133.204282608694,1270.0,13149.6699879227,S,SOS,2116.0
SOS003L04P,2023-09-05,1709.0200187198068,102.0,6471.999999999999,S,SOS,2116.0
SOS003L04P,2023-09-06,757.1300000000001,102.0,1435.999999999999,S,SOS,2116.0
SOS003L04P,2023-09-07,757.1300000000001,102.0,1435.999999999999,S,SOS,2116.0
SOS003L04P,2023-09-08,350.35000000000014,102.0,312.0,S,SOS,2116.0
SOS005L04P,2023-08-10,2204.53,102.0,4780.999999999998,S,SOS,2120.0
SOS005L04P,2023-08-11,2142.18,102.0,4780.999999999998,S,SOS,2120.0
SOS005L04P,2023-08-12,2142.18,102.0,4780.999999999998,S,SOS,2120.0
SOS005L04P,2023-08-13,5759.17,1623.0,12594.0,S,SOS,2120.0
SOS005L04P,2023-08-14,7134.437483091785,1270.0,13149.6699879227,S,SOS,2120.0
SOS005L04P,2023-08-15,2742.8600187198067,102.0,6471.999999999999,S,SOS,2120.0
SOS005L04P,2023-08-16,2204.53,102.0,4780.999999999998,S,SOS,2120.0
SOS005L04P,2023-08-17,2204.53,102.0,4780.999999999998,S,SOS,2120.0
SOS005L04P,2023-08-18,2142.18,102.0,4780.999999999998,S,SOS,2120.0
SOS005L04P,2023-08-19,2142.18,102.0,4780.999999999998,S,SOS,2120.0
SOS005L04P,2023-08-20,5759.17,1623.0,12594.0,S,SOS,2120.0
SOS005L04P,2023-08-21,7134.437483091785,1270.0,13149.6699879227,S,SOS,2120.0
SOS005L04P,2023-08-22,2742.8600187198067,102.0,6471.999999999999,S,SOS,2120.0
SOS005L04P,2023-08-23,2204.53,102.0,4780.999999999998,S,SOS,2120.0
SOS005L04P,2023-08-24,2204.53,102.0,4780.999999999998,S,SOS,2120.0
SOS005L04P,2023-08-25,2142.18,102.0,4780.999999999998,S,SOS,2120.0
SOS005L04P,2023-08-26,2142.18,102.0,4780.999999999998,S,SOS,2120.0
SOS005L04P,2023-08-27,5759.17,1623.0,12594.0,S,SOS,2120.0
SOS005L04P,2023-08-28,7134.437483091785,1270.0,13149.6699879227,S,SOS,2120.0
SOS005L04P,2023-08-29,2742.8600187198067,102.0,6471.999999999999,S,SOS,2120.0
SOS005L04P,2023-08-30,2204.53,102.0,4780.999999999998,S,SOS,2120.0
SOS005L04P,2023-08-31,2204.53,102.0,4780.999999999998,S,SOS,2120.0
SOS005L04P,2023-09-01,2142.18,102.0,4780.999999999998,S,SOS,2120.0
SOS005L04P,2023-09-02,2142.18,102.0,4780.999999999998,S,SOS,2120.0
SOS005L04P,2023-09-03,5759.17,1623.0,12594.0,S,SOS,2120.0
SOS005L04P,2023-09-04,7134.437483091785,1270.0,13149.6699879227,S,SOS,2120.0
SOS005L04P,2023-09-05,2742.8600187198067,102.0,6471.999999999999,S,SOS,2120.0
SOS005L04P,2023-09-06,2204.53,102.0,4780.999999999998,S,SOS,2120.0
SOS005L04P,2023-09-07,2204.53,102.0,4780.999999999998,S,SOS,2120.0
SOS005L04P,2023-09-08,2142.18,102.0,4780.999999999998,S,SOS,2120.0
SOS008L02P,2023-08-10,2204.53,102.0,4780.999999999998,S,SOS,2111.0
SOS008L02P,2023-08-11,2142.18,102.0,4780.999999999998,S,SOS,2111.0
SOS008L02P,2023-08-12,2142.18,102.0,4780.999999999998,S,SOS,2111.0
SOS008L02P,2023-08-13,5759.17,1623.0,12594.0,S,SOS,2111.0
SOS008L02P,2023-08-14,7134.437483091785,1270.0,13149.6699879227,S,SOS,2111.0
SOS008L02P,2023-08-15,2742.8600187198067,102.0,6471.999999999999,S,SOS,2111.0
SOS008L02P,2023-08-16,2204.53,102.0,4780.999999999998,S,SOS,2111.0
SOS008L02P,2023-08-17,2204.53,102.0,4780.999999999998,S,SOS,2111.0
SOS008L02P,2023-08-18,2142.18,102.0,4780.999999999998,S,SOS,2111.0
SOS008L02P,2023-08-19,2142.18,102.0,4780.999999999998,S,SOS,2111.0
SOS008L02P,2023-08-20,5759.17,1623.0,12594.0,S,SOS,2111.0
SOS008L02P,2023-08-21,7134.437483091785,1270.0,13149.6699879227,S,SOS,2111.0
SOS008L02P,2023-08-22,2742.8600187198067,102.0,6471.999999999999,S,SOS,2111.0
SOS008L02P,2023-08-23,2204.53,102.0,4780.999999999998,S,SOS,2111.0
SOS008L02P,2023-08-24,2204.53,102.0,4780.999999999998,S,SOS,2111.0
SOS008L02P,2023-08-25,2142.18,102.0,4780.999999999998,S,SOS,2111.0
SOS008L02P,2023-08-26,2142.18,102.0,4780.999999999998,S,SOS,2111.0
SOS008L02P,2023-08-27,5759.17,1623.0,12594.0,S,SOS,2111.0
SOS008L02P,2023-08-28,7134.437483091785,1270.0,13149.6699879227,S,SOS,2111.0
SOS008L02P,2023-08-29,2742.8600187198067,102.0,6471.999999999999,S,SOS,2111.0
SOS008L02P,2023-08-30,2204.53,102.0,4780.999999999998,S,SOS,2111.0
SOS008L02P,2023-08-31,2204.53,102.0,4780.999999999998,S,SOS,2111.0
SOS008L02P,2023-09-01,2142.18,102.0,4780.999999999998,S,SOS,2111.0
SOS008L02P,2023-09-02,2142.18,102.0,4780.999999999998,S,SOS,2111.0
SOS008L02P,2023-09-03,5759.17,1623.0,12594.0,S,SOS,2111.0
SOS008L02P,2023-09-04,7134.437483091785,1270.0,13149.6699879227,S,SOS,2111.0
SOS008L02P,2023-09-05,2742.8600187198067,102.0,6471.999999999999,S,SOS,2111.0
SOS008L02P,2023-09-06,2204.53,102.0,4780.999999999998,S,SOS,2111.0
SOS008L02P,2023-09-07,2204.53,102.0,4780.999999999998,S,SOS,2111.0
SOS008L02P,2023-09-08,2142.18,102.0,4780.999999999998,S,SOS,2111.0
SOS250M48P,2023-08-10,2204.53,102.0,4780.999999999998,S,SOS,2117.0
SOS250M48P,2023-08-11,2142.18,102.0,4780.999999999998,S,SOS,2117.0
SOS250M48P,2023-08-12,2142.18,102.0,4780.999999999998,S,SOS,2117.0
SOS250M48P,2023-08-13,5759.17,1623.0,12594.0,S,SOS,2117.0
SOS250M48P,2023-08-14,7134.437483091785,1270.0,13149.6699879227,S,SOS,2117.0
SOS250M48P,2023-08-15,2742.8600187198067,102.0,6471.999999999999,S,SOS,2117.0
SOS250M48P,2023-08-16,2204.53,102.0,4780.999999999998,S,SOS,2117.0
SOS250M48P,2023-08-17,2204.53,102.0,4780.999999999998,S,SOS,2117.0
SOS250M48P,2023-08-18,2142.18,102.0,4780.999999999998,S,SOS,2117.0
SOS250M48P,2023-08-19,2142.18,102.0,4780.999999999998,S,SOS,2117.0
SOS250M48P,2023-08-20,5759.17,1623.0,12594.0,S,SOS,2117.0
SOS250M48P,2023-08-21,7134.437483091785,1270.0,13149.6699879227,S,SOS,2117.0
SOS250M48P,2023-08-22,2742.8600187198067,102.0,6471.999999999999,S,SOS,2117.0
SOS250M48P,2023-08-23,2204.53,102.0,4780.999999999998,S,SOS,2117.0
SOS250M48P,2023-08-24,2204.53,102.0,4780.999999999998,S,SOS,2117.0
SOS250M48P,2023-08-25,2142.18,102.0,4780.999999999998,S,SOS,2117.0
SOS250M48P,2023-08-26,2142.18,102.0,4780.999999999998,S,SOS,2117.0
SOS250M48P,2023-08-27,5759.17,1623.0,12594.0,S,SOS,2117.0
SOS250M48P,2023-08-28,7134.437483091785,1270.0,13149.6699879227,S,SOS,2117.0
SOS250M48P,2023-08-29,2742.8600187198067,102.0,6471.999999999999,S,SOS,2117.0
SOS250M48P,2023-08-30,2204.53,102.0,4780.999999999998,S,SOS,2117.0
SOS250M48P,2023-08-31,2204.53,102.0,4780.999999999998,S,SOS,2117.0
SOS250M48P,2023-09-01,2142.18,102.0,4780.999999999998,S,SOS,2117.0
SOS250M48P,2023-09-02,2142.18,102.0,4780.999999999998,S,SOS,2117.0
SOS250M48P,2023-09-03,5759.17,1623.0,12594.0,S,SOS,2117.0
SOS250M48P,2023-09-04,7134.437483091785,1270.0,13149.6699879227,S,SOS,2117.0
SOS250M48P,2023-09-05,2742.8600187198067,102.0,6471.999999999999,S,SOS,2117.0
SOS250M48P,2023-09-06,2204.53,102.0,4780.999999999998,S,SOS,2117.0
SOS250M48P,2023-09-07,2204.53,102.0,4780.999999999998,S,SOS,2117.0
SOS250M48P,2023-09-08,2142.18,102.0,4780.999999999998,S,SOS,2117.0
SOS500M24P,2023-08-10,2204.53,102.0,4780.999999999998,S,SOS,2119.0
SOS500M24P,2023-08-11,2142.18,102.0,4780.999999999998,S,SOS,2119.0
SOS500M24P,2023-08-12,2142.18,102.0,4780.999999999998,S,SOS,2119.0
SOS500M24P,2023-08-13,5759.17,1623.0,12594.0,S,SOS,2119.0
SOS500M24P,2023-08-14,7134.437483091785,1270.0,13149.6699879227,S,SOS,2119.0
SOS500M24P,2023-08-15,2742.8600187198067,102.0,6471.999999999999,S,SOS,2119.0
SOS500M24P,2023-08-16,2204.53,102.0,4780.999999999998,S,SOS,2119.0
SOS500M24P,2023-08-17,2204.53,102.0,4780.999999999998,S,SOS,2119.0
SOS500M24P,2023-08-18,2142.18,102.0,4780.999999999998,S,SOS,2119.0
SOS500M24P,2023-08-19,2142.18,102.0,4780.999999999998,S,SOS,2119.0
SOS500M24P,2023-08-20,5759.17,1623.0,12594.0,S,SOS,2119.0
SOS500M24P,2023-08-21,7134.437483091785,1270.0,13149.6699879227,S,SOS,2119.0
SOS500M24P,2023-08-22,2742.8600187198067,102.0,6471.999999999999,S,SOS,2119.0
SOS500M24P,2023-08-23,2204.53,102.0,4780.999999999998,S,SOS,2119.0
SOS500M24P,2023-08-24,2204.53,102.0,4780.999999999998,S,SOS,2119.0
SOS500M24P,2023-08-25,2142.18,102.0,4780.999999999998,S,SOS,2119.0
SOS500M24P,2023-08-26,2142.18,102.0,4780.999999999998,S,SOS,2119.0
SOS500M24P,2023-08-27,5759.17,1623.0,12594.0,S,SOS,2119.0
SOS500M24P,2023-08-28,7134.437483091785,1270.0,13149.6699879227,S,SOS,2119.0
SOS500M24P,2023-08-29,2742.8600187198067,102.0,6471.999999999999,S,SOS,2119.0
SOS500M24P,2023-08-30,2204.53,102.0,4780.999999999998,S,SOS,2119.0
SOS500M24P,2023-08-31,2204.53,102.0,4780.999999999998,S,SOS,2119.0
SOS500M24P,2023-09-01,2142.18,102.0,4780.999999999998,S,SOS,2119.0
SOS500M24P,2023-09-02,2142.18,102.0,4780.999999999998,S,SOS,2119.0
SOS500M24P,2023-09-03,5759.17,1623.0,12594.0,S,SOS,2119.0
SOS500M24P,2023-09-04,7134.437483091785,1270.0,13149.6699879227,S,SOS,2119.0
SOS500M24P,2023-09-05,2742.8600187198067,102.0,6471.999999999999,S,SOS,2119.0
SOS500M24P,2023-09-06,2204.53,102.0,4780.999999999998,S,SOS,2119.0
SOS500M24P,2023-09-07,2204.53,102.0,4780.999999999998,S,SOS,2119.0
SOS500M24P,2023-09-08,2142.18,102.0,4780.999999999998,S,SOS,2119.0
