SkuId,PlantId,AvgDailyDemand,AvgDailyProduction,AvgFactoryIssue,AvgUnitCost,ProductGroup,SubGroup,VelocityClass,PackMultiplier,RecommendedPackQty,EstCapacity,CurrentUtilisation,FactoryIssueRate,RiskFlag,OptimalBatchSize,PlantSKUCount,CapacitySharePerSKU,TargetDailyProduction,ProductionEfficiencyScore,EstLeadTimeDays,SchedulePriority
AT5X5K,1903.0,806.566515837104,788.9773755656108,791.8461538461538,27.6369379909671,A,AT,medium_mover,12,976,9900.0,0.14614273875093706,0.007159222759690609,False,6958,8,1237.5,846.8948416289593,92.8407772403094,9,High
AT5X5K,1911.0,806.5665158371041,788.9773755656108,791.8461538461538,27.4744996037092,A,AT,medium_mover,12,976,9900.0,0.06051932228402205,0.003565345889633642,False,6979,10,990.0,811.8,96.43465411036635,9,High
AT5X5K,1912.0,806.5665158371041,788.9773755656108,791.8461538461538,27.56258348037533,A,AT,medium_mover,12,976,9900.0,0.15551352918552772,0.008432655237235132,False,6968,8,1237.5,846.8948416289594,91.56734476276486,9,High
AT5X5K,1914.0,806.566515837104,788.9773755656108,791.8461538461538,27.596100827133814,A,AT,medium_mover,12,976,9900.0,0.155672542735027,0.007057120228214808,False,6964,8,1237.5,846.8948416289593,92.94287977178519,9,High
AT5X5K,1915.0,806.566515837104,788.9773755656108,791.8461538461538,27.36660371771823,A,AT,medium_mover,12,976,9900.0,0.16673282022656452,0.007749524507749461,False,6993,8,1237.5,846.8948416289593,92.25047549225054,9,High
AT5X5K,1916.0,806.5665158371041,788.9773755656108,791.8461538461538,27.14295767853591,A,AT,medium_mover,12,976,9900.0,0.17867410808585474,0.008333163994299397,False,7021,5,1980.0,846.8948416289594,91.6668360057006,9,High
AT5X5K,1917.0,806.5665158371041,788.9773755656108,791.8461538461538,28.092318707370403,A,AT,medium_mover,12,976,9900.0,0.21827988876429574,0.010375490894492634,False,6902,6,1650.0,846.8948416289594,89.62450910550737,9,High
AT5X5K,1918.0,806.5665158371041,788.9773755656108,791.8461538461538,27.51277382584639,A,AT,medium_mover,12,976,9900.0,0.20134351129136885,0.01008919406369424,False,6974,7,1414.2857142857142,846.8948416289594,89.91080593630576,9,High
AT5X5K,1919.0,806.5665158371041,788.9773755656108,791.8461538461538,26.319853800065037,A,AT,medium_mover,12,976,9900.0,0.16391953328532555,0.009541206567474925,False,7130,7,1414.2857142857142,846.8948416289594,90.45879343252507,9,High
AT5X5K,1920.0,806.566515837104,788.9773755656108,791.8461538461538,27.53499730426394,A,AT,medium_mover,12,976,9900.0,0.1605179705914838,0.008902523529163542,False,6971,13,761.5384615384615,624.4615384615385,91.09747647083645,12,High
AT5X5K,1921.0,806.566515837104,788.9773755656108,791.8461538461538,27.575029970983557,A,AT,medium_mover,12,976,9900.0,0.13772328136366702,0.0068329975484775485,False,6966,6,1650.0,846.8948416289593,93.16700245152245,9,High
AT5X5K,1922.0,806.5665158371041,788.9773755656108,791.8461538461538,27.698300702409533,A,AT,medium_mover,12,976,9900.0,0.16681338740767013,0.00879487431680781,False,6951,6,1650.0,846.8948416289594,91.2051256831922,9,High
ATN01K24P,1901.0,2893.098568627451,2788.366515837104,2821.2735384615385,28.57345460047412,A,ATN,fast_mover,24,3379,9900.0,0.1430175053704321,0.011954715123933424,False,12961,2,4950.0,3037.753497058824,88.04528487606657,5,High
ATN01K24P,1903.0,2893.098568627451,2788.366515837104,2821.2735384615385,27.308714964440497,A,ATN,fast_mover,24,3379,9900.0,0.14614273875093706,0.007159222759690609,False,13258,8,1237.5,1014.7499999999999,92.8407772403094,14,High
ATN01K24P,1911.0,2893.098568627451,2788.366515837104,2821.2735384615385,27.920466363345973,A,ATN,fast_mover,24,3379,9900.0,0.06051932228402205,0.003565345889633642,False,13112,10,990.0,811.8,96.43465411036635,17,High
ATN01K24P,1912.0,2893.098568627451,2788.366515837104,2821.2735384615385,27.49432818903964,A,ATN,fast_mover,24,3379,9900.0,0.15551352918552772,0.008432655237235132,False,13213,8,1237.5,1014.7499999999999,91.56734476276486,14,High
ATN01K24P,1914.0,2893.0985686274507,2788.366515837104,2821.2735384615385,27.389601295339773,A,ATN,fast_mover,24,3379,9900.0,0.155672542735027,0.007057120228214808,False,13238,8,1237.5,1014.7499999999999,92.94287977178519,14,High
ATN01K24P,1915.0,2893.098568627451,2788.366515837104,2821.2735384615385,27.390261171584893,A,ATN,fast_mover,24,3379,9900.0,0.16673282022656452,0.007749524507749461,False,13238,8,1237.5,1014.7499999999999,92.25047549225054,14,High
ATN01K24P,1916.0,2893.098568627451,2788.366515837104,2821.2735384615385,27.56580927861143,A,ATN,fast_mover,24,3379,9900.0,0.17867410808585474,0.008333163994299397,False,13196,5,1980.0,1623.6,91.6668360057006,9,High
ATN01K24P,1917.0,2893.098568627451,2788.366515837104,2821.2735384615385,27.44251742912274,A,ATN,fast_mover,24,3379,9900.0,0.21827988876429574,0.010375490894492634,False,13225,6,1650.0,1353.0,89.62450910550737,10,High
ATN01K24P,1918.0,2893.098568627451,2788.366515837104,2821.2735384615385,27.595592912030416,A,ATN,fast_mover,24,3379,9900.0,0.20134351129136885,0.01008919406369424,False,13189,7,1414.2857142857142,1159.7142857142856,89.91080593630576,12,High
ATN01K24P,1919.0,2893.098568627451,2788.366515837104,2821.2735384615385,27.579768903676314,A,ATN,fast_mover,24,3379,9900.0,0.16391953328532555,0.009541206567474925,False,13192,7,1414.2857142857142,1159.7142857142856,90.45879343252507,12,High
ATN01K24P,1920.0,2893.098568627451,2788.366515837104,2821.2735384615385,27.631562210511277,A,ATN,fast_mover,24,3379,9900.0,0.1605179705914838,0.008902523529163542,False,13180,13,761.5384615384615,624.4615384615385,91.09747647083645,22,High
ATN01K24P,1921.0,2893.098568627451,2788.366515837104,2821.2735384615385,27.483304778044925,A,ATN,fast_mover,24,3379,9900.0,0.13772328136366702,0.0068329975484775485,False,13215,6,1650.0,1353.0,93.16700245152245,10,High
ATN01K24P,1922.0,2893.098568627451,2788.366515837104,2821.2735384615385,27.29622036224271,A,ATN,fast_mover,24,3379,9900.0,0.16681338740767013,0.00879487431680781,False,13261,6,1650.0,1353.0,91.2051256831922,10,High
ATN02K12P,1903.0,619.9438310708899,582.5701357466063,580.1923076923077,27.793947665467325,A,ATN,medium_mover,12,528,9900.0,0.14614273875093706,0.007159222759690609,False,6083,8,1237.5,650.9410226244345,92.8407772403094,10,High
ATN02K12P,1911.0,619.9438310708899,582.5701357466063,580.1923076923077,27.596526176465694,A,ATN,medium_mover,12,528,9900.0,0.06051932228402205,0.003565345889633642,False,6105,10,990.0,650.9410226244345,96.43465411036635,10,High
ATN02K12P,1912.0,619.9438310708898,582.5701357466063,580.1923076923077,27.56090916057514,A,ATN,medium_mover,12,528,9900.0,0.15551352918552772,0.008432655237235132,False,6109,8,1237.5,650.9410226244344,91.56734476276486,10,High
ATN02K12P,1916.0,619.9438310708899,582.5701357466063,580.1923076923077,27.61080675521673,A,ATN,medium_mover,12,528,9900.0,0.17867410808585474,0.008333163994299397,False,6103,5,1980.0,650.9410226244345,91.6668360057006,10,High
ATN02K12P,1917.0,619.9438310708899,582.5701357466063,580.1923076923077,27.13490142011654,A,ATN,medium_mover,12,528,9900.0,0.21827988876429574,0.010375490894492634,False,6157,6,1650.0,650.9410226244345,89.62450910550737,10,High
ATN02K12P,1918.0,619.9438310708899,582.5701357466063,580.1923076923077,26.608260473892077,A,ATN,medium_mover,12,528,9900.0,0.20134351129136885,0.01008919406369424,False,6217,7,1414.2857142857142,650.9410226244345,89.91080593630576,10,High
ATN02K12P,1920.0,619.9438310708899,582.5701357466063,580.1923076923077,27.674695951331408,A,ATN,medium_mover,12,528,9900.0,0.1605179705914838,0.008902523529163542,False,6096,13,761.5384615384615,624.4615384615385,91.09747647083645,10,High
ATN02K12P,1921.0,619.9438310708898,582.5701357466063,580.1923076923077,27.424399337746813,A,ATN,medium_mover,12,528,9900.0,0.13772328136366702,0.0068329975484775485,False,6124,6,1650.0,650.9410226244344,93.16700245152245,10,High
ATN02K12P,1922.0,619.9438310708899,582.5701357466063,580.1923076923077,27.7024045040005,A,ATN,medium_mover,12,528,9900.0,0.16681338740767013,0.00879487431680781,False,6093,6,1650.0,650.9410226244345,91.2051256831922,10,High
ATPA1K24P,1911.0,0.14027149321266968,0.0,0.0,27.95635819581419,A,ATPA,slow_mover,6,117,9900.0,0.06051932228402205,0.003565345889633642,False,91,10,990.0,0.14728506787330317,96.43465411036635,30,Low
ATPPCH5X5K,1920.0,0.04524886877828054,0.0,0.0,27.544283401372972,A,ATPPCH,slow_mover,6,13,9900.0,0.1605179705914838,0.008902523529163542,False,52,13,761.5384615384615,0.04751131221719457,91.09747647083645,30,Low
ATWWP001K24P,1901.0,41.736327300150826,43.380090497737555,44.32579185520362,26.801968312603154,A,ATWWP,medium_mover,12,25,9900.0,0.1430175053704321,0.011954715123933424,False,1607,2,4950.0,43.82314366515837,88.04528487606657,30,Low
ATWWP001K24P,1911.0,41.73632730015083,43.380090497737555,44.32579185520362,27.164936321664197,A,ATWWP,medium_mover,12,25,9900.0,0.06051932228402205,0.003565345889633642,False,1597,10,990.0,43.823143665158376,96.43465411036635,30,Low
ATWWP001K24P,1912.0,41.736327300150826,43.380090497737555,44.32579185520362,26.86441195002107,A,ATWWP,medium_mover,12,25,9900.0,0.15551352918552772,0.008432655237235132,False,1605,8,1237.5,43.82314366515837,91.56734476276486,30,Low
ATWWP001K24P,1914.0,41.736327300150826,43.380090497737555,44.32579185520362,28.298130496101553,A,ATWWP,medium_mover,12,25,9900.0,0.155672542735027,0.007057120228214808,False,1564,8,1237.5,43.82314366515837,92.94287977178519,30,Low
ATWWP001K24P,1915.0,41.73632730015083,43.380090497737555,44.32579185520362,27.30687676129706,A,ATWWP,medium_mover,12,25,9900.0,0.16673282022656452,0.007749524507749461,False,1592,8,1237.5,43.823143665158376,92.25047549225054,30,Low
ATWWP001K24P,1917.0,41.736327300150826,43.380090497737555,44.32579185520362,27.038366534389066,A,ATWWP,medium_mover,12,25,9900.0,0.21827988876429574,0.010375490894492634,False,1600,6,1650.0,43.82314366515837,89.62450910550737,30,Low
ATWWP001K24P,1918.0,41.736327300150826,43.380090497737555,44.32579185520362,27.158954229934423,A,ATWWP,medium_mover,12,25,9900.0,0.20134351129136885,0.01008919406369424,False,1597,7,1414.2857142857142,43.82314366515837,89.91080593630576,30,Low
ATWWP001K24P,1920.0,41.73632730015083,43.380090497737555,44.32579185520362,27.405235578110577,A,ATWWP,medium_mover,12,25,9900.0,0.1605179705914838,0.008902523529163542,False,1590,13,761.5384615384615,43.823143665158376,91.09747647083645,30,Low
ATWWP001K24P,1921.0,41.736327300150826,43.380090497737555,44.32579185520362,26.801163491885646,A,ATWWP,medium_mover,12,25,9900.0,0.13772328136366702,0.0068329975484775485,False,1607,6,1650.0,43.82314366515837,93.16700245152245,30,Low
ATWWP002K12P,1920.0,16.891401206636502,12.049773755656108,11.43627149321267,29.185050177051817,A,ATWWP,medium_mover,12,38,9900.0,0.1605179705914838,0.008902523529163542,False,980,13,761.5384615384615,17.735971266968328,91.09747647083645,30,Low
EEA200G24P,1920.0,0.02262443438914027,0.0,0.0,25.985300749007674,E,EEA,slow_mover,6,12,9900.0,0.1605179705914838,0.008902523529163542,False,50,13,761.5384615384615,0.023755656108597284,91.09747647083645,30,Low
EEA200G24P,2120.0,0.02262443438914027,0.0,0.0,28.42085467642921,E,EEA,slow_mover,6,12,20744.9,0.18360461752195556,0.00318282007427384,False,50,18,1152.4944444444445,0.023755656108597284,96.81717992572617,30,Low
EEA500G12P,1920.0,0.5203619909502263,0.0,0.0,26.303648025267606,E,EEA,slow_mover,6,12,9900.0,0.1605179705914838,0.008902523529163542,False,181,13,761.5384615384615,0.5463800904977376,91.09747647083645,30,Low
EEA500G12P,2120.0,0.5203619909502263,0.0,0.0,27.110623371758933,E,EEA,slow_mover,6,12,20744.9,0.18360461752195556,0.00318282007427384,False,178,18,1152.4944444444445,0.5463800904977376,96.81717992572617,30,Low
MAC1K25P,1915.0,4.018099547511312,4.217194570135747,3.81447963800905,27.050583590875434,M,MAC,medium_mover,12,16,9900.0,0.16673282022656452,0.007749524507749461,False,496,8,1237.5,4.219004524886878,92.25047549225054,30,Low
MAHS025K,1914.0,26.60633484162896,40.29864253393665,38.959276018099544,26.988655487794354,M,MAHS,medium_mover,12,20,9900.0,0.155672542735027,0.007057120228214808,False,1279,8,1237.5,27.93665158371041,92.94287977178519,30,Low
MAHS025K,1919.0,26.60633484162896,40.29864253393665,38.959276018099544,27.282051825736858,M,MAHS,medium_mover,12,20,9900.0,0.16391953328532555,0.009541206567474925,False,1272,7,1414.2857142857142,27.93665158371041,90.45879343252507,30,Low
MAHS025K,1920.0,26.60633484162896,40.29864253393665,38.959276018099544,27.401883707773624,M,MAHS,medium_mover,12,20,9900.0,0.1605179705914838,0.008902523529163542,False,1269,13,761.5384615384615,27.93665158371041,91.09747647083645,30,Low
MAHS025K,1922.0,26.60633484162896,40.29864253393665,38.959276018099544,27.979873300321245,M,MAHS,medium_mover,12,20,9900.0,0.16681338740767013,0.00879487431680781,False,1256,6,1650.0,27.93665158371041,91.2051256831922,30,Low
MAP1K25P,1911.0,2.669683257918552,2.737556561085973,2.6153846153846154,26.76306969319971,M,MAP,slow_mover,6,11,9900.0,0.06051932228402205,0.003565345889633642,False,407,10,990.0,2.8031674208144794,96.43465411036635,30,Low
MAPA1K24P,1915.0,0.04524886877828054,0.0,0.0,26.383209918243512,M,MAPA,slow_mover,6,45,9900.0,0.16673282022656452,0.007749524507749461,False,53,8,1237.5,0.04751131221719457,92.25047549225054,30,Low
MAR01K24P,1903.0,696.3258190045249,684.7918552036199,678.0346877828053,27.858264115395702,M,MAR,medium_mover,12,442,9900.0,0.14614273875093706,0.007159222759690609,False,6440,8,1237.5,731.1421099547512,92.8407772403094,9,High
MAR01K24P,1911.0,696.3258190045249,684.7918552036199,678.0346877828055,27.458582568227403,M,MAR,medium_mover,12,442,9900.0,0.06051932228402205,0.003565345889633642,False,6486,10,990.0,731.1421099547512,96.43465411036635,9,High
MAR01K24P,1912.0,696.3258190045249,684.7918552036199,678.0346877828055,27.816287449498578,M,MAR,medium_mover,12,442,9900.0,0.15551352918552772,0.008432655237235132,False,6445,8,1237.5,731.1421099547512,91.56734476276486,9,High
MAR01K24P,1914.0,696.3258190045249,684.7918552036199,678.0346877828055,27.5599064661636,M,MAR,medium_mover,12,442,9900.0,0.155672542735027,0.007057120228214808,False,6474,8,1237.5,731.1421099547512,92.94287977178519,9,High
MAR01K24P,1915.0,696.3258190045249,684.7918552036199,678.0346877828055,27.596972248808797,M,MAR,medium_mover,12,442,9900.0,0.16673282022656452,0.007749524507749461,False,6470,8,1237.5,731.1421099547512,92.25047549225054,9,High
MAR01K24P,1916.0,696.3258190045249,684.7918552036199,678.0346877828055,27.441580907874716,M,MAR,medium_mover,12,442,9900.0,0.17867410808585474,0.008333163994299397,False,6488,5,1980.0,731.1421099547512,91.6668360057006,9,High
MAR01K24P,1917.0,696.3258190045249,684.7918552036199,678.0346877828055,27.444194709606148,M,MAR,medium_mover,12,442,9900.0,0.21827988876429574,0.010375490894492634,False,6488,6,1650.0,731.1421099547512,89.62450910550737,9,High
MAR01K24P,1918.0,696.3258190045249,684.7918552036199,678.0346877828055,27.79227832110457,M,MAR,medium_mover,12,442,9900.0,0.20134351129136885,0.01008919406369424,False,6447,7,1414.2857142857142,731.1421099547512,89.91080593630576,9,High
MAR01K24P,1919.0,696.3258190045249,684.7918552036199,678.0346877828055,27.865963787897666,M,MAR,medium_mover,12,442,9900.0,0.16391953328532555,0.009541206567474925,False,6439,7,1414.2857142857142,731.1421099547512,90.45879343252507,9,High
MAR01K24P,1920.0,696.3258190045249,684.7918552036199,678.0346877828055,27.762364347127356,M,MAR,medium_mover,12,442,9900.0,0.1605179705914838,0.008902523529163542,False,6451,13,761.5384615384615,624.4615384615385,91.09747647083645,11,High
MAR01K24P,1921.0,696.3258190045249,684.7918552036199,678.0346877828055,27.895769959145888,M,MAR,medium_mover,12,442,9900.0,0.13772328136366702,0.0068329975484775485,False,6435,6,1650.0,731.1421099547512,93.16700245152245,9,High
MAR01K24P,1922.0,696.3258190045249,684.7918552036199,678.0346877828053,27.767756974905158,M,MAR,medium_mover,12,442,9900.0,0.16681338740767013,0.00879487431680781,False,6450,6,1650.0,731.1421099547512,91.2051256831922,9,High
MAR02K12P,1903.0,119.63274208144797,101.93212669683258,102.66515837104072,27.733664941488563,M,MAR,medium_mover,12,122,9900.0,0.14614273875093706,0.007159222759690609,False,2675,8,1237.5,125.61437918552038,92.8407772403094,22,Medium
MAR02K12P,1911.0,119.63274208144796,101.93212669683258,102.66515837104072,27.48247873597184,M,MAR,medium_mover,12,122,9900.0,0.06051932228402205,0.003565345889633642,False,2687,10,990.0,125.61437918552036,96.43465411036635,22,Medium
MAR02K12P,1912.0,119.63274208144797,101.93212669683258,102.66515837104072,28.154021652570425,M,MAR,medium_mover,12,122,9900.0,0.15551352918552772,0.008432655237235132,False,2655,8,1237.5,125.61437918552038,91.56734476276486,22,Medium
MASR025K,1903.0,104.01357466063348,86.8552036199095,87.71945701357465,27.168057520161067,M,MASR,medium_mover,12,65,9900.0,0.14614273875093706,0.007159222759690609,False,2520,8,1237.5,109.21425339366516,92.8407772403094,24,Medium
MASR025K,1911.0,104.01357466063348,86.8552036199095,87.71945701357465,26.453710708304552,M,MASR,medium_mover,12,65,9900.0,0.06051932228402205,0.003565345889633642,False,2554,10,990.0,109.21425339366516,96.43465411036635,24,Medium
MASR025K,1912.0,104.01357466063348,86.8552036199095,87.71945701357465,27.509535516541888,M,MASR,medium_mover,12,65,9900.0,0.15551352918552772,0.008432655237235132,False,2505,8,1237.5,109.21425339366516,91.56734476276486,23,Medium
MASR025K,1914.0,104.01357466063348,86.8552036199095,87.71945701357465,28.120931144606615,M,MASR,medium_mover,12,65,9900.0,0.155672542735027,0.007057120228214808,False,2477,8,1237.5,109.21425339366516,92.94287977178519,23,Medium
MASR025K,1919.0,104.01357466063348,86.8552036199095,87.71945701357465,27.320497122111757,M,MASR,medium_mover,12,65,9900.0,0.16391953328532555,0.009541206567474925,False,2513,7,1414.2857142857142,109.21425339366516,90.45879343252507,24,Medium
MASR025K,1920.0,104.01357466063348,86.8552036199095,87.71945701357465,27.789239978254038,M,MASR,medium_mover,12,65,9900.0,0.1605179705914838,0.008902523529163542,False,2492,13,761.5384615384615,109.21425339366516,91.09747647083645,23,Medium
POP001L12P,2103.0,740.1493212669683,728.3212669683257,726.940778280543,27.45043556550374,P,POP,medium_mover,12,394,20744.9,0.1719349030871023,0.002625927859190247,False,6688,16,1296.55625,777.1567873303168,97.37407214080976,9,High
POP001L12P,2111.0,740.1493212669683,728.3212669683257,726.940778280543,26.499269897853868,P,POP,medium_mover,12,394,20744.9,0.24546419526981494,0.0014589179038375644,False,6807,12,1728.7416666666668,777.1567873303168,98.54108209616244,9,High
POP001L12P,2112.0,740.1493212669683,728.3212669683257,726.940778280543,27.716273322247662,P,POP,medium_mover,12,394,20744.9,0.19590851632130654,0.004430874701462972,False,6656,15,1382.9933333333333,777.1567873303168,95.56912529853703,9,High
POP001L12P,2114.0,740.1493212669683,728.3212669683257,726.940778280543,27.32897583650599,P,POP,medium_mover,12,394,20744.9,0.19907592564395385,0.001486533266015222,False,6703,17,1220.2882352941178,777.1567873303168,98.51346673398479,9,High
POP001L12P,2115.0,740.1493212669683,728.3212669683257,726.940778280543,27.524353497773255,P,POP,medium_mover,12,394,20744.9,0.18281640851392805,0.002276068034582135,False,6679,17,1220.2882352941178,777.1567873303168,97.72393196541786,9,High
POP001L12P,2116.0,740.1493212669683,728.3212669683257,726.940778280543,27.21198825322996,P,POP,medium_mover,12,394,20744.9,0.2003503466584762,0.0038268263060967644,False,6718,13,1595.7615384615385,777.1567873303168,96.17317369390324,9,High
POP001L12P,2117.0,740.1493212669683,728.3212669683257,726.940778280543,27.45838295335031,P,POP,medium_mover,12,394,20744.9,0.1885320518875881,0.0025123242686653224,False,6687,16,1296.55625,777.1567873303168,97.48767573133468,9,High
POP001L12P,2118.0,740.1493212669683,728.3212669683257,726.940778280543,27.3412011330603,P,POP,medium_mover,12,394,20744.9,0.1778042706953066,0.002873611955961586,False,6702,13,1595.7615384615385,777.1567873303168,97.1263880440384,9,High
POP001L12P,2119.0,740.1493212669683,728.3212669683257,726.940778280543,27.727671034995254,P,POP,medium_mover,12,394,20744.9,0.17574511848358418,0.001974244320251284,False,6655,17,1220.2882352941178,777.1567873303168,98.02575567974871,9,High
POP001L12P,2120.0,740.1493212669683,728.3212669683257,726.940778280543,27.356918813687475,P,POP,medium_mover,12,394,20744.9,0.18360461752195556,0.00318282007427384,False,6700,18,1152.4944444444445,777.1567873303168,96.81717992572617,9,High
POP001L12P,2121.0,740.1493212669683,728.3212669683257,726.940778280543,27.85956968531488,P,POP,medium_mover,12,394,20744.9,0.19089978030663868,0.0022834477055602154,False,6639,16,1296.55625,777.1567873303168,97.71655229443978,9,High
POP001L12P,2122.0,740.1493212669683,728.3212669683257,726.940778280543,28.148618086530423,P,POP,medium_mover,12,394,20744.9,0.2308546273148993,0.002348428440931638,False,6605,12,1728.7416666666668,777.1567873303168,97.65157155906836,9,High
POP001L12P.1,UNKNOWN,530.0633484162896,532.1674208144797,518.2157601809955,27.675971525408368,UNKNOWN,UNKNOWN,medium_mover,12,393,3136.1000000000004,0.16969083282239403,0.026216675594563088,False,5637,1,3136.1000000000004,556.5665158371041,73.78332440543691,11,High
POP002L09P,2103.0,166.67873303167423,163.35746606334843,163.60531674208144,27.318746003914296,P,POP,medium_mover,12,109,20744.9,0.1719349030871023,0.002625927859190247,False,3182,16,1296.55625,175.01266968325794,97.37407214080976,19,Medium
POP002L09P,2112.0,166.67873303167423,163.35746606334843,163.60531674208147,27.711593341419373,P,POP,medium_mover,12,109,20744.9,0.19590851632130654,0.004430874701462972,False,3159,15,1382.9933333333333,175.01266968325794,95.56912529853703,19,Medium
POP002L09P,2114.0,166.67873303167423,163.35746606334843,163.60531674208144,27.182132415378426,P,POP,medium_mover,12,109,20744.9,0.19907592564395385,0.001486533266015222,False,3190,17,1220.2882352941178,175.01266968325794,98.51346673398479,19,Medium
POP002L09P,2115.0,166.67873303167423,163.35746606334843,163.60531674208144,28.489389328446002,P,POP,medium_mover,12,109,20744.9,0.18281640851392805,0.002276068034582135,False,3116,17,1220.2882352941178,175.01266968325794,97.72393196541786,18,Medium
POP002L09P,2116.0,166.67873303167423,163.35746606334843,163.60531674208144,27.638433351385615,P,POP,medium_mover,12,109,20744.9,0.2003503466584762,0.0038268263060967644,False,3163,13,1595.7615384615385,175.01266968325794,96.17317369390324,19,Medium
POP002L09P,2117.0,166.67873303167423,163.35746606334843,163.60531674208144,28.957834999490682,P,POP,medium_mover,12,109,20744.9,0.1885320518875881,0.0025123242686653224,False,3090,16,1296.55625,175.01266968325794,97.48767573133468,18,Medium
POP002L09P,2118.0,166.67873303167423,163.35746606334843,163.60531674208144,26.90679442570135,P,POP,medium_mover,12,109,20744.9,0.1778042706953066,0.002873611955961586,False,3206,13,1595.7615384615385,175.01266968325794,97.1263880440384,19,Medium
POP002L09P,2119.0,166.67873303167423,163.35746606334843,163.60531674208144,28.121755402850415,P,POP,medium_mover,12,109,20744.9,0.17574511848358418,0.001974244320251284,False,3136,17,1220.2882352941178,175.01266968325794,98.02575567974871,18,Medium
POP002L09P,2120.0,166.67873303167423,163.35746606334843,163.60531674208144,27.719081301023397,P,POP,medium_mover,12,109,20744.9,0.18360461752195556,0.00318282007427384,False,3159,18,1152.4944444444445,175.01266968325794,96.81717992572617,19,Medium
POP002L09P,2121.0,166.67873303167423,163.35746606334843,163.60531674208144,27.599647162872184,P,POP,medium_mover,12,109,20744.9,0.19089978030663868,0.0022834477055602154,False,3165,16,1296.55625,175.01266968325794,97.71655229443978,19,Medium
POP002L09P,2122.0,166.67873303167423,163.35746606334843,163.60531674208144,28.046314440963396,P,POP,medium_mover,12,109,20744.9,0.2308546273148993,0.002348428440931638,False,3140,12,1728.7416666666668,175.01266968325794,97.65157155906836,18,Medium
POP005L04P,2103.0,71.47511312217195,70.39366515837104,69.06786877828054,27.04492593116939,P,POP,medium_mover,12,53,20744.9,0.1719349030871023,0.002625927859190247,False,2094,16,1296.55625,75.04886877828055,97.37407214080976,28,Low
POP005L04P,2112.0,71.47511312217195,70.39366515837104,69.06786877828054,26.94905212210179,P,POP,medium_mover,12,53,20744.9,0.19590851632130654,0.004430874701462972,False,2098,15,1382.9933333333333,75.04886877828055,95.56912529853703,28,Low
POP005L04P,2114.0,71.47511312217195,70.39366515837104,69.06786877828054,26.85924941754484,P,POP,medium_mover,12,53,20744.9,0.19907592564395385,0.001486533266015222,False,2101,17,1220.2882352941178,75.04886877828055,98.51346673398479,28,Low
POP005L04P,2115.0,71.47511312217195,70.39366515837104,69.06786877828054,27.1540081816863,P,POP,medium_mover,12,53,20744.9,0.18281640851392805,0.002276068034582135,False,2090,17,1220.2882352941178,75.04886877828055,97.72393196541786,28,Low
POP005L04P,2116.0,71.47511312217195,70.39366515837104,69.06786877828054,27.53084632537797,P,POP,medium_mover,12,53,20744.9,0.2003503466584762,0.0038268263060967644,False,2075,13,1595.7615384615385,75.04886877828055,96.17317369390324,28,Low
POP005L04P,2117.0,71.47511312217195,70.39366515837104,69.06786877828054,26.58877676496767,P,POP,medium_mover,12,53,20744.9,0.1885320518875881,0.0025123242686653224,False,2112,16,1296.55625,75.04886877828055,97.48767573133468,29,Low
POP005L04P,2120.0,71.47511312217195,70.39366515837104,69.06786877828054,27.831371510891845,P,POP,medium_mover,12,53,20744.9,0.18360461752195556,0.00318282007427384,False,2064,18,1152.4944444444445,75.04886877828055,96.81717992572617,28,Low
POP005L04P,2121.0,71.47511312217195,70.39366515837104,69.06786877828054,26.90655426723791,P,POP,medium_mover,12,53,20744.9,0.19089978030663868,0.0022834477055602154,False,2099,16,1296.55625,75.04886877828055,97.71655229443978,28,Low
POP015K,2120.0,0.02262443438914027,0.0,0.0,27.167662902765198,P,POP,slow_mover,6,27,20744.9,0.18360461752195556,0.00318282007427384,False,50,18,1152.4944444444445,0.023755656108597284,96.81717992572617,30,Low
POP500M24P,2103.0,295.78280542986425,295.99095022624437,283.7406606334842,26.88289092532012,P,POP,medium_mover,12,131,20744.9,0.1719349030871023,0.002625927859190247,False,4273,16,1296.55625,310.5719457013575,97.37407214080976,14,Medium
POP500M24P,2111.0,295.78280542986425,295.99095022624437,283.74066063348414,27.663730472749677,P,POP,medium_mover,12,131,20744.9,0.24546419526981494,0.0014589179038375644,False,4212,12,1728.7416666666668,310.5719457013575,98.54108209616244,14,Medium
POP500M24P,2112.0,295.78280542986425,295.99095022624437,283.7406606334842,27.45791161881237,P,POP,medium_mover,12,131,20744.9,0.19590851632130654,0.004430874701462972,False,4228,15,1382.9933333333333,310.5719457013575,95.56912529853703,14,Medium
POP500M24P,2114.0,295.78280542986425,295.99095022624437,283.74066063348414,27.44104295210623,P,POP,medium_mover,12,131,20744.9,0.19907592564395385,0.001486533266015222,False,4229,17,1220.2882352941178,310.5719457013575,98.51346673398479,14,Medium
POP500M24P,2115.0,295.78280542986425,295.99095022624437,283.74066063348414,27.379679406678378,P,POP,medium_mover,12,131,20744.9,0.18281640851392805,0.002276068034582135,False,4234,17,1220.2882352941178,310.5719457013575,97.72393196541786,14,Medium
POP500M24P,2116.0,295.78280542986425,295.99095022624437,283.74066063348414,27.767836477444945,P,POP,medium_mover,12,131,20744.9,0.2003503466584762,0.0038268263060967644,False,4204,13,1595.7615384615385,310.5719457013575,96.17317369390324,14,Medium
POP500M24P,2117.0,295.78280542986425,295.99095022624437,283.7406606334842,28.26724667075271,P,POP,medium_mover,12,131,20744.9,0.1885320518875881,0.0025123242686653224,False,4167,16,1296.55625,310.5719457013575,97.48767573133468,14,Medium
POP500M24P,2118.0,295.78280542986425,295.99095022624437,283.7406606334842,27.622802442902394,P,POP,medium_mover,12,131,20744.9,0.1778042706953066,0.002873611955961586,False,4215,13,1595.7615384615385,310.5719457013575,97.1263880440384,14,Medium
POP500M24P,2119.0,295.78280542986425,295.99095022624437,283.7406606334842,27.49683730104727,P,POP,medium_mover,12,131,20744.9,0.17574511848358418,0.001974244320251284,False,4225,17,1220.2882352941178,310.5719457013575,98.02575567974871,14,Medium
POP500M24P,2120.0,295.78280542986425,295.99095022624437,283.74066063348414,27.48965348040803,P,POP,medium_mover,12,131,20744.9,0.18360461752195556,0.00318282007427384,False,4225,18,1152.4944444444445,310.5719457013575,96.81717992572617,14,Medium
POP500M24P,2121.0,295.78280542986425,295.99095022624437,283.7406606334842,27.139204523536126,P,POP,medium_mover,12,131,20744.9,0.19089978030663868,0.0022834477055602154,False,4252,16,1296.55625,310.5719457013575,97.71655229443978,14,Medium
POP500M24P,2122.0,295.78280542986425,295.99095022624437,283.7406606334842,27.141290006325196,P,POP,medium_mover,12,131,20744.9,0.2308546273148993,0.002348428440931638,False,4252,12,1728.7416666666668,310.5719457013575,97.65157155906836,14,Medium
POPF01L12P,2103.0,181.1764705882353,177.5610859728507,176.01131221719456,27.14014757989626,P,POPF,medium_mover,12,86,20744.9,0.1719349030871023,0.002625927859190247,False,3328,16,1296.55625,190.23529411764707,97.37407214080976,18,Medium
POPF01L12P,2115.0,181.1764705882353,177.5610859728507,176.01131221719456,27.5946485196815,P,POPF,medium_mover,12,86,20744.9,0.18281640851392805,0.002276068034582135,False,3300,17,1220.2882352941178,190.23529411764707,97.72393196541786,18,Medium
POPF01L12P,2118.0,181.1764705882353,177.5610859728507,176.01131221719456,27.605102158365533,P,POPF,medium_mover,12,86,20744.9,0.1778042706953066,0.002873611955961586,False,3300,13,1595.7615384615385,190.23529411764707,97.1263880440384,18,Medium
POPF01L12P,2121.0,181.1764705882353,177.5610859728507,176.01131221719456,27.359948901122507,P,POPF,medium_mover,12,86,20744.9,0.19089978030663868,0.0022834477055602154,False,3315,16,1296.55625,190.23529411764707,97.71655229443978,18,Medium
POV001L24P,2103.0,1604.3800904977375,1604.2850678733032,1575.673004524887,27.42764900690493,P,POV,medium_mover,12,707,20744.9,0.1719349030871023,0.002625927859190247,False,9851,16,1296.55625,1063.176125,97.37407214080976,10,High
POV001L24P,2111.0,1604.3800904977375,1604.2850678733032,1575.673004524887,27.738576343498426,P,POV,medium_mover,12,707,20744.9,0.24546419526981494,0.0014589179038375644,False,9796,12,1728.7416666666668,1417.5681666666667,98.54108209616244,7,High
POV001L24P,2112.0,1604.3800904977375,1604.2850678733032,1575.673004524887,27.45051414209375,P,POV,medium_mover,12,707,20744.9,0.19590851632130654,0.004430874701462972,False,9847,15,1382.9933333333333,1134.0545333333332,95.56912529853703,9,High
POV001L24P,2114.0,1604.3800904977375,1604.2850678733032,1575.673004524887,27.304068760296392,P,POV,medium_mover,12,707,20744.9,0.19907592564395385,0.001486533266015222,False,9874,17,1220.2882352941178,1000.6363529411766,98.51346673398479,10,High
POV001L24P,2115.0,1604.3800904977375,1604.2850678733032,1575.673004524887,27.522606311345047,P,POV,medium_mover,12,707,20744.9,0.18281640851392805,0.002276068034582135,False,9834,17,1220.2882352941178,1000.6363529411766,97.72393196541786,10,High
POV001L24P,2116.0,1604.3800904977375,1604.2850678733032,1575.673004524887,27.15495529864841,P,POV,medium_mover,12,707,20744.9,0.2003503466584762,0.0038268263060967644,False,9901,13,1595.7615384615385,1308.5244615384615,96.17317369390324,8,High
POV001L24P,2117.0,1604.3800904977375,1604.2850678733032,1575.673004524887,27.955872765630907,P,POV,medium_mover,12,707,20744.9,0.1885320518875881,0.0025123242686653224,False,9758,16,1296.55625,1063.176125,97.48767573133468,10,High
POV001L24P,2118.0,1604.3800904977375,1604.2850678733032,1575.673004524887,27.30986066321634,P,POV,medium_mover,12,707,20744.9,0.1778042706953066,0.002873611955961586,False,9873,13,1595.7615384615385,1308.5244615384615,97.1263880440384,8,High
POV001L24P,2119.0,1604.3800904977375,1604.2850678733032,1575.673004524887,27.480980752635876,P,POV,medium_mover,12,707,20744.9,0.17574511848358418,0.001974244320251284,False,9842,17,1220.2882352941178,1000.6363529411766,98.02575567974871,10,High
POV001L24P,2120.0,1604.3800904977375,1604.2850678733032,1575.673004524887,27.455241275974263,P,POV,medium_mover,12,707,20744.9,0.18360461752195556,0.00318282007427384,False,9846,18,1152.4944444444445,945.0454444444445,96.81717992572617,11,High
POV001L24P,2121.0,1604.3800904977375,1604.2850678733032,1575.673004524887,27.189905824164658,P,POV,medium_mover,12,707,20744.9,0.19089978030663868,0.0022834477055602154,False,9894,16,1296.55625,1063.176125,97.71655229443978,10,High
POV001L24P,2122.0,1604.3800904977375,1604.2850678733032,1575.6730045248867,27.77282975022219,P,POV,medium_mover,12,707,20744.9,0.2308546273148993,0.002348428440931638,False,9790,12,1728.7416666666668,1417.5681666666667,97.65157155906836,7,High
POV002L09P,2103.0,549.1809954751131,566.0045248868778,544.3338461538463,27.420503650862127,P,POV,medium_mover,12,350,20744.9,0.1719349030871023,0.002625927859190247,False,5764,16,1296.55625,576.6400452488689,97.37407214080976,10,High
POV002L09P,2111.0,549.1809954751131,566.0045248868778,544.3338461538461,27.06666523505357,P,POV,medium_mover,12,350,20744.9,0.24546419526981494,0.0014589179038375644,False,5802,12,1728.7416666666668,576.6400452488689,98.54108209616244,11,High
POV002L09P,2112.0,549.1809954751131,566.0045248868778,544.3338461538461,27.1181707072418,P,POV,medium_mover,12,350,20744.9,0.19590851632130654,0.004430874701462972,False,5796,15,1382.9933333333333,576.6400452488689,95.56912529853703,11,High
POV002L09P,2114.0,549.1809954751131,566.0045248868778,544.3338461538461,27.94406138223191,P,POV,medium_mover,12,350,20744.9,0.19907592564395385,0.001486533266015222,False,5710,17,1220.2882352941178,576.6400452488689,98.51346673398479,10,High
POV002L09P,2115.0,549.1809954751131,566.0045248868778,544.3338461538461,28.08510493169186,P,POV,medium_mover,12,350,20744.9,0.18281640851392805,0.002276068034582135,False,5696,17,1220.2882352941178,576.6400452488689,97.72393196541786,10,High
POV002L09P,2116.0,549.1809954751131,566.0045248868778,544.3338461538461,27.354604372841806,P,POV,medium_mover,12,350,20744.9,0.2003503466584762,0.0038268263060967644,False,5771,13,1595.7615384615385,576.6400452488689,96.17317369390324,11,High
POV002L09P,2117.0,549.1809954751131,566.0045248868778,544.3338461538461,27.317053062187853,P,POV,medium_mover,12,350,20744.9,0.1885320518875881,0.0025123242686653224,False,5775,16,1296.55625,576.6400452488689,97.48767573133468,11,High
POV002L09P,2118.0,549.1809954751131,566.0045248868778,544.3338461538461,27.391199067211577,P,POV,medium_mover,12,350,20744.9,0.1778042706953066,0.002873611955961586,False,5767,13,1595.7615384615385,576.6400452488689,97.1263880440384,11,High
POV002L09P,2119.0,549.1809954751131,566.0045248868778,544.3338461538461,28.073334233176812,P,POV,medium_mover,12,350,20744.9,0.17574511848358418,0.001974244320251284,False,5697,17,1220.2882352941178,576.6400452488689,98.02575567974871,10,High
POV002L09P,2120.0,549.1809954751131,566.0045248868778,544.3338461538461,27.49996817354091,P,POV,medium_mover,12,350,20744.9,0.18360461752195556,0.00318282007427384,False,5756,18,1152.4944444444445,576.6400452488689,96.81717992572617,10,High
POV002L09P,2121.0,549.1809954751131,566.0045248868778,544.3338461538461,28.10908140876882,P,POV,medium_mover,12,350,20744.9,0.19089978030663868,0.0022834477055602154,False,5693,16,1296.55625,576.6400452488689,97.71655229443978,10,High
POV002L09P,2122.0,549.1809954751131,566.0045248868778,544.3338461538461,28.295787661502015,P,POV,medium_mover,12,350,20744.9,0.2308546273148993,0.002348428440931638,False,5675,12,1728.7416666666668,576.6400452488689,97.65157155906836,10,High
POV005L04P,2103.0,304.78280542986425,300.71493212669685,296.0079185520362,27.670928675310066,P,POV,medium_mover,12,206,20744.9,0.1719349030871023,0.002625927859190247,False,4275,16,1296.55625,320.0219457013575,97.37407214080976,14,Medium
POV005L04P,2112.0,304.78280542986425,300.71493212669685,296.0079185520362,27.853418197765407,P,POV,medium_mover,12,206,20744.9,0.19590851632130654,0.004430874701462972,False,4261,15,1382.9933333333333,320.0219457013575,95.56912529853703,14,Medium
POV005L04P,2114.0,304.78280542986425,300.71493212669685,296.0079185520362,27.018873648656456,P,POV,medium_mover,12,206,20744.9,0.19907592564395385,0.001486533266015222,False,4326,17,1220.2882352941178,320.0219457013575,98.51346673398479,14,Medium
POV005L04P,2115.0,304.78280542986425,300.71493212669685,296.0079185520362,27.358075287202865,P,POV,medium_mover,12,206,20744.9,0.18281640851392805,0.002276068034582135,False,4299,17,1220.2882352941178,320.0219457013575,97.72393196541786,14,Medium
POV005L04P,2116.0,304.78280542986425,300.71493212669685,296.0079185520362,26.83462190990464,P,POV,medium_mover,12,206,20744.9,0.2003503466584762,0.0038268263060967644,False,4341,13,1595.7615384615385,320.0219457013575,96.17317369390324,14,Medium
POV005L04P,2117.0,304.78280542986425,300.71493212669685,296.0079185520362,27.584613236166778,P,POV,medium_mover,12,206,20744.9,0.1885320518875881,0.0025123242686653224,False,4282,16,1296.55625,320.0219457013575,97.48767573133468,14,Medium
POV005L04P,2118.0,304.78280542986425,300.71493212669685,296.0079185520362,27.464656873982808,P,POV,medium_mover,12,206,20744.9,0.1778042706953066,0.002873611955961586,False,4291,13,1595.7615384615385,320.0219457013575,97.1263880440384,14,Medium
POV005L04P,2119.0,304.78280542986425,300.71493212669685,296.0079185520362,29.071892078244083,P,POV,medium_mover,12,206,20744.9,0.17574511848358418,0.001974244320251284,False,4171,17,1220.2882352941178,320.0219457013575,98.02575567974871,14,Medium
POV005L04P,2120.0,304.78280542986425,300.71493212669685,296.0079185520362,27.37671328166869,P,POV,medium_mover,12,206,20744.9,0.18360461752195556,0.00318282007427384,False,4298,18,1152.4944444444445,320.0219457013575,96.81717992572617,14,Medium
POV005L04P,2121.0,304.78280542986425,300.71493212669685,296.0079185520362,29.581417675675628,P,POV,medium_mover,12,206,20744.9,0.19089978030663868,0.0022834477055602154,False,4134,16,1296.55625,320.0219457013575,97.71655229443978,13,Medium
POV500M24P,2103.0,903.1719457013575,889.8325791855203,884.1575746606334,27.463326359997826,P,POV,medium_mover,12,354,20744.9,0.1719349030871023,0.002625927859190247,False,7387,16,1296.55625,948.3305429864254,97.37407214080976,8,High
POV500M24P,2112.0,903.1719457013575,889.8325791855203,884.1575746606335,27.397183604050344,P,POV,medium_mover,12,354,20744.9,0.19590851632130654,0.004430874701462972,False,7395,15,1382.9933333333333,948.3305429864254,95.56912529853703,8,High
POV500M24P,2114.0,903.1719457013575,889.8325791855203,884.1575746606335,27.581035904795023,P,POV,medium_mover,12,354,20744.9,0.19907592564395385,0.001486533266015222,False,7371,17,1220.2882352941178,948.3305429864254,98.51346673398479,8,High
POV500M24P,2115.0,903.1719457013575,889.8325791855203,884.1575746606334,27.217878509698295,P,POV,medium_mover,12,354,20744.9,0.18281640851392805,0.002276068034582135,False,7420,17,1220.2882352941178,948.3305429864254,97.72393196541786,8,High
POV500M24P,2116.0,903.1719457013575,889.8325791855203,884.1575746606335,27.783573645377373,P,POV,medium_mover,12,354,20744.9,0.2003503466584762,0.0038268263060967644,False,7344,13,1595.7615384615385,948.3305429864254,96.17317369390324,8,High
POV500M24P,2117.0,903.1719457013575,889.8325791855203,884.1575746606335,27.632128635739306,P,POV,medium_mover,12,354,20744.9,0.1885320518875881,0.0025123242686653224,False,7364,16,1296.55625,948.3305429864254,97.48767573133468,8,High
POV500M24P,2118.0,903.1719457013575,889.8325791855203,884.1575746606335,27.143384847521055,P,POV,medium_mover,12,354,20744.9,0.1778042706953066,0.002873611955961586,False,7430,13,1595.7615384615385,948.3305429864254,97.1263880440384,8,High
POV500M24P,2119.0,903.1719457013575,889.8325791855203,884.1575746606335,27.290710863695185,P,POV,medium_mover,12,354,20744.9,0.17574511848358418,0.001974244320251284,False,7410,17,1220.2882352941178,948.3305429864254,98.02575567974871,8,High
POV500M24P,2120.0,903.1719457013575,889.8325791855203,884.1575746606334,27.40909108858114,P,POV,medium_mover,12,354,20744.9,0.18360461752195556,0.00318282007427384,False,7394,18,1152.4944444444445,945.0454444444445,96.81717992572617,8,High
POV500M24P,2121.0,903.1719457013575,889.8325791855203,884.1575746606335,27.92267145812677,P,POV,medium_mover,12,354,20744.9,0.19089978030663868,0.0022834477055602154,False,7326,16,1296.55625,948.3305429864254,97.71655229443978,8,High
POV500M24P,2122.0,903.1719457013575,889.8325791855203,884.1575746606335,27.53068544215575,P,POV,medium_mover,12,354,20744.9,0.2308546273148993,0.002348428440931638,False,7378,12,1728.7416666666668,948.3305429864254,97.65157155906836,8,High
SE200G24P,1903.0,58.04000942684766,57.710407239819006,57.73303167420814,26.932289586931923,S,SE,medium_mover,12,94,9900.0,0.14614273875093706,0.007159222759690609,False,1891,8,1237.5,60.942009898190044,92.8407772403094,30,Low
SE200G24P,1914.0,58.04000942684766,57.710407239819006,57.73303167420814,27.016116164524547,S,SE,medium_mover,12,94,9900.0,0.155672542735027,0.007057120228214808,False,1888,8,1237.5,60.942009898190044,92.94287977178519,30,Low
SE200G24P,1915.0,58.04000942684766,57.710407239819006,57.73303167420814,26.47656898189793,S,SE,medium_mover,12,94,9900.0,0.16673282022656452,0.007749524507749461,False,1907,8,1237.5,60.942009898190044,92.25047549225054,30,Low
SE200G24P,1918.0,58.04000942684766,57.710407239819006,57.73303167420814,26.505570109583605,S,SE,medium_mover,12,94,9900.0,0.20134351129136885,0.01008919406369424,False,1906,7,1414.2857142857142,60.942009898190044,89.91080593630576,30,Low
SE200G24P,1919.0,58.04000942684766,57.710407239819006,57.73303167420814,27.48106393989353,S,SE,medium_mover,12,94,9900.0,0.16391953328532555,0.009541206567474925,False,1872,7,1414.2857142857142,60.942009898190044,90.45879343252507,30,Low
SE200G24P,1920.0,58.04000942684767,57.710407239819006,57.73303167420814,27.338859651146752,S,SE,medium_mover,12,94,9900.0,0.1605179705914838,0.008902523529163542,False,1877,13,761.5384615384615,60.94200989819005,91.09747647083645,30,Low
SE500G24P,1903.0,681.8504027149321,681.1809954751131,675.7281266968326,27.561057747301096,S,SE,medium_mover,12,384,9900.0,0.14614273875093706,0.007159222759690609,False,6407,8,1237.5,715.9429228506788,92.8407772403094,9,High
SE500G24P,1911.0,681.8504027149322,681.1809954751131,675.7281266968325,27.1642153530239,S,SE,medium_mover,12,384,9900.0,0.06051932228402205,0.003565345889633642,False,6453,10,990.0,715.9429228506789,96.43465411036635,10,High
SE500G24P,1912.0,681.8504027149322,681.1809954751131,675.7281266968325,27.431549995190288,S,SE,medium_mover,12,384,9900.0,0.15551352918552772,0.008432655237235132,False,6422,8,1237.5,715.9429228506789,91.56734476276486,9,High
SE500G24P,1914.0,681.8504027149321,681.1809954751131,675.7281266968326,27.466915671686944,S,SE,medium_mover,12,384,9900.0,0.155672542735027,0.007057120228214808,False,6418,8,1237.5,715.9429228506788,92.94287977178519,9,High
SE500G24P,1915.0,681.8504027149321,681.1809954751131,675.7281266968326,28.158037037830457,S,SE,medium_mover,12,384,9900.0,0.16673282022656452,0.007749524507749461,False,6338,8,1237.5,715.9429228506788,92.25047549225054,9,High
SE500G24P,1916.0,681.8504027149321,681.1809954751131,675.7281266968325,27.438607333085496,S,SE,medium_mover,12,384,9900.0,0.17867410808585474,0.008333163994299397,False,6421,5,1980.0,715.9429228506788,91.6668360057006,9,High
SE500G24P,1917.0,681.8504027149322,681.1809954751131,675.7281266968325,27.345110365841016,S,SE,medium_mover,12,384,9900.0,0.21827988876429574,0.010375490894492634,False,6432,6,1650.0,715.9429228506789,89.62450910550737,9,High
SE500G24P,1918.0,681.8504027149322,681.1809954751131,675.7281266968325,27.250250665602596,S,SE,medium_mover,12,384,9900.0,0.20134351129136885,0.01008919406369424,False,6443,7,1414.2857142857142,715.9429228506789,89.91080593630576,9,High
SE500G24P,1919.0,681.8504027149322,681.1809954751131,675.7281266968325,27.43567554411774,S,SE,medium_mover,12,384,9900.0,0.16391953328532555,0.009541206567474925,False,6421,7,1414.2857142857142,715.9429228506789,90.45879343252507,9,High
SE500G24P,1920.0,681.8504027149321,681.1809954751131,675.7281266968326,27.652426932766563,S,SE,medium_mover,12,384,9900.0,0.1605179705914838,0.008902523529163542,False,6396,13,761.5384615384615,624.4615384615385,91.09747647083645,11,High
SE500G24P,1921.0,681.8504027149321,681.1809954751131,675.7281266968325,27.260194211352765,S,SE,medium_mover,12,384,9900.0,0.13772328136366702,0.0068329975484775485,False,6442,6,1650.0,715.9429228506788,93.16700245152245,9,High
SE500G24P,1922.0,681.8504027149321,681.1809954751131,675.7281266968325,27.68535847327073,S,SE,medium_mover,12,384,9900.0,0.16681338740767013,0.00879487431680781,False,6392,6,1650.0,715.9429228506788,91.2051256831922,9,High
SO0001L12P,2119.0,0.1583710407239819,0.0,0.0,25.856136913852247,S,SO,slow_mover,6,67,20744.9,0.17574511848358418,0.001974244320251284,False,101,17,1220.2882352941178,0.166289592760181,98.02575567974871,30,Low
SO0002L09P,2119.0,0.18099547511312217,0.0,0.0,26.648913942768022,S,SO,slow_mover,6,43,20744.9,0.17574511848358418,0.001974244320251284,False,106,17,1220.2882352941178,0.19004524886877827,98.02575567974871,30,Low
SO0005L04P,2119.0,0.027149321266968323,0.0,0.0,28.568432609078936,S,SO,slow_mover,6,28,20744.9,0.17574511848358418,0.001974244320251284,False,50,17,1220.2882352941178,0.02850678733031674,98.02575567974871,30,Low
SO0500M24P,2114.0,0.004524886877828055,0.0,0.0,27.82675781552292,S,SO,slow_mover,6,28,20744.9,0.19907592564395385,0.001486533266015222,False,50,17,1220.2882352941178,0.0047511312217194575,98.51346673398479,30,Low
SOP001L12P,2103.0,92.10218579906878,86.77828054298642,86.11908597285067,27.044617599067095,S,SOP,medium_mover,12,59,20744.9,0.1719349030871023,0.002625927859190247,False,2377,16,1296.55625,96.70729508902222,97.37407214080976,25,Low
SOP001L12P,2111.0,92.10218579906878,86.77828054298642,86.11908597285067,27.610920215087447,S,SOP,medium_mover,12,59,20744.9,0.24546419526981494,0.0014589179038375644,False,2352,12,1728.7416666666668,96.70729508902222,98.54108209616244,25,Low
SOP001L12P,2114.0,92.10218579906878,86.77828054298642,86.11908597285067,26.642867260368256,S,SOP,medium_mover,12,59,20744.9,0.19907592564395385,0.001486533266015222,False,2395,17,1220.2882352941178,96.70729508902222,98.51346673398479,25,Low
SOP001L12P,2115.0,92.10218579906878,86.77828054298642,86.11908597285067,28.53828793961733,S,SOP,medium_mover,12,59,20744.9,0.18281640851392805,0.002276068034582135,False,2314,17,1220.2882352941178,96.70729508902222,97.72393196541786,24,Low
SOP001L12P,2117.0,92.10218579906878,86.77828054298642,86.11908597285067,27.81111692639971,S,SOP,medium_mover,12,59,20744.9,0.1885320518875881,0.0025123242686653224,False,2344,16,1296.55625,96.70729508902222,97.48767573133468,25,Low
SOP001L12P,2121.0,92.10218579906878,86.77828054298642,86.11908597285067,27.87031592668939,S,SOP,medium_mover,12,59,20744.9,0.19089978030663868,0.0022834477055602154,False,2342,16,1296.55625,96.70729508902222,97.71655229443978,25,Low
SOS001L12P,2103.0,7497.420309118629,7480.900452488688,7463.596357466063,27.587613423139228,S,SOS,fast_mover,24,4159,20744.9,0.1719349030871023,0.002625927859190247,False,21234,16,1296.55625,1063.176125,97.37407214080976,20,High
SOS001L12P,2111.0,7497.42030911863,7480.900452488688,7463.596357466064,27.457906470778788,S,SOS,fast_mover,24,4159,20744.9,0.24546419526981494,0.0014589179038375644,False,21284,12,1728.7416666666668,1417.5681666666667,98.54108209616244,16,High
SOS001L12P,2112.0,7497.42030911863,7480.900452488688,7463.596357466064,27.449617227927856,S,SOS,fast_mover,24,4159,20744.9,0.19590851632130654,0.004430874701462972,False,21287,15,1382.9933333333333,1134.0545333333332,95.56912529853703,19,High
SOS001L12P,2114.0,7497.420309118629,7480.900452488688,7463.596357466064,27.569054541530285,S,SOS,fast_mover,24,4159,20744.9,0.19907592564395385,0.001486533266015222,False,21241,17,1220.2882352941178,1000.6363529411766,98.51346673398479,22,High
SOS001L12P,2115.0,7497.420309118629,7480.900452488688,7463.596357466064,27.632156057586204,S,SOS,fast_mover,24,4159,20744.9,0.18281640851392805,0.002276068034582135,False,21217,17,1220.2882352941178,1000.6363529411766,97.72393196541786,22,High
SOS001L12P,2116.0,7497.420309118629,7480.900452488688,7463.596357466064,27.387601374905934,S,SOS,fast_mover,24,4159,20744.9,0.2003503466584762,0.0038268263060967644,False,21312,13,1595.7615384615385,1308.5244615384615,96.17317369390324,17,High
SOS001L12P,2117.0,7497.420309118629,7480.900452488688,7463.596357466064,27.554399610102834,S,SOS,fast_mover,24,4159,20744.9,0.1885320518875881,0.0025123242686653224,False,21247,16,1296.55625,1063.176125,97.48767573133468,20,High
SOS001L12P,2118.0,7497.42030911863,7480.900452488688,7463.596357466064,27.46637804861058,S,SOS,fast_mover,24,4159,20744.9,0.1778042706953066,0.002873611955961586,False,21281,13,1595.7615384615385,1308.5244615384615,97.1263880440384,17,High
SOS001L12P,2119.0,7497.420309118629,7480.900452488688,7463.596357466064,27.418364245240575,S,SOS,fast_mover,24,4159,20744.9,0.17574511848358418,0.001974244320251284,False,21300,17,1220.2882352941178,1000.6363529411766,98.02575567974871,22,High
SOS001L12P,2120.0,7497.420309118629,7480.900452488688,7463.596357466063,27.572933532663516,S,SOS,fast_mover,24,4159,20744.9,0.18360461752195556,0.00318282007427384,False,21240,18,1152.4944444444445,945.0454444444445,96.81717992572617,23,High
SOS001L12P,2121.0,7497.420309118629,7480.900452488688,7463.596357466063,27.579081995802095,S,SOS,fast_mover,24,4159,20744.9,0.19089978030663868,0.0022834477055602154,False,21237,16,1296.55625,1063.176125,97.71655229443978,20,High
SOS001L12P,2122.0,7497.420309118629,7480.900452488688,7463.596357466064,27.751900885245067,S,SOS,fast_mover,24,4159,20744.9,0.2308546273148993,0.002348428440931638,False,21171,12,1728.7416666666668,1417.5681666666667,97.65157155906836,15,High
SOS002L09P,2103.0,4724.297009639977,4758.633484162896,4893.197800904977,27.3584111807788,S,SOS,fast_mover,24,3190,20744.9,0.1719349030871023,0.002625927859190247,False,16926,16,1296.55625,1063.176125,97.37407214080976,16,High
SOS002L09P,2111.0,4724.297009639977,4758.633484162896,4893.197800904977,27.50715178937108,S,SOS,fast_mover,24,3190,20744.9,0.24546419526981494,0.0014589179038375644,False,16880,12,1728.7416666666668,1417.5681666666667,98.54108209616244,12,High
SOS002L09P,2112.0,4724.297009639977,4758.633484162896,4893.197800904977,27.288289094041286,S,SOS,fast_mover,24,3190,20744.9,0.19590851632130654,0.004430874701462972,False,16948,15,1382.9933333333333,1134.0545333333332,95.56912529853703,15,High
SOS002L09P,2114.0,4724.297009639977,4758.633484162896,4893.197800904977,27.47409761428889,S,SOS,fast_mover,24,3190,20744.9,0.19907592564395385,0.001486533266015222,False,16890,17,1220.2882352941178,1000.6363529411766,98.51346673398479,17,High
SOS002L09P,2115.0,4724.297009639977,4758.633484162896,4893.197800904977,27.57726369231666,S,SOS,fast_mover,24,3190,20744.9,0.18281640851392805,0.002276068034582135,False,16859,17,1220.2882352941178,1000.6363529411766,97.72393196541786,17,High
SOS002L09P,2116.0,4724.297009639977,4758.633484162896,4893.197800904977,27.501347789923717,S,SOS,fast_mover,24,3190,20744.9,0.2003503466584762,0.0038268263060967644,False,16882,13,1595.7615384615385,1308.5244615384615,96.17317369390324,13,High
SOS002L09P,2117.0,4724.297009639977,4758.633484162896,4893.197800904977,27.38500349576073,S,SOS,fast_mover,24,3190,20744.9,0.1885320518875881,0.0025123242686653224,False,16918,16,1296.55625,1063.176125,97.48767573133468,16,High
SOS002L09P,2118.0,4724.297009639977,4758.633484162896,4893.197800904977,27.425945499088265,S,SOS,fast_mover,24,3190,20744.9,0.1778042706953066,0.002873611955961586,False,16905,13,1595.7615384615385,1308.5244615384615,97.1263880440384,13,High
SOS002L09P,2119.0,4724.297009639977,4758.633484162896,4893.197800904977,27.513248528232655,S,SOS,fast_mover,24,3190,20744.9,0.17574511848358418,0.001974244320251284,False,16878,17,1220.2882352941178,1000.6363529411766,98.02575567974871,17,High
SOS002L09P,2120.0,4724.297009639977,4758.633484162896,4893.197800904977,27.454611157692433,S,SOS,fast_mover,24,3190,20744.9,0.18360461752195556,0.00318282007427384,False,16896,18,1152.4944444444445,945.0454444444445,96.81717992572617,18,High
SOS002L09P,2121.0,4724.297009639977,4758.633484162896,4893.197800904978,27.468519912103197,S,SOS,fast_mover,24,3190,20744.9,0.19089978030663868,0.0022834477055602154,False,16892,16,1296.55625,1063.176125,97.71655229443978,16,High
SOS002L09P,2122.0,4724.297009639977,4758.633484162896,4893.197800904977,27.278648622685434,S,SOS,fast_mover,24,3190,20744.9,0.2308546273148993,0.002348428440931638,False,16951,12,1728.7416666666668,1417.5681666666667,97.65157155906836,12,High
SOS003L04P,2103.0,1014.3313848449081,1003.9457013574661,991.5127873303167,27.69388028729513,S,SOS,medium_mover,12,774,20744.9,0.1719349030871023,0.002625927859190247,False,7795,16,1296.55625,1063.176125,97.37407214080976,8,High
SOS003L04P,2111.0,1014.331384844908,1003.9457013574661,991.5127873303168,27.394548468842896,S,SOS,medium_mover,12,774,20744.9,0.24546419526981494,0.0014589179038375644,False,7838,12,1728.7416666666668,1065.0479540871536,98.54108209616244,8,High
SOS003L04P,2112.0,1014.3313848449081,1003.9457013574661,991.5127873303167,27.283149323162853,S,SOS,medium_mover,12,774,20744.9,0.19590851632130654,0.004430874701462972,False,7854,15,1382.9933333333333,1065.0479540871536,95.56912529853703,8,High
SOS003L04P,2114.0,1014.331384844908,1003.9457013574661,991.5127873303168,27.55494678460037,S,SOS,medium_mover,12,774,20744.9,0.19907592564395385,0.001486533266015222,False,7815,17,1220.2882352941178,1000.6363529411766,98.51346673398479,8,High
SOS003L04P,2115.0,1014.3313848449081,1003.9457013574661,991.5127873303168,27.586650615009393,S,SOS,medium_mover,12,774,20744.9,0.18281640851392805,0.002276068034582135,False,7810,17,1220.2882352941178,1000.6363529411766,97.72393196541786,8,High
SOS003L04P,2116.0,1014.331384844908,1003.9457013574661,991.5127873303168,26.98339270302976,S,SOS,medium_mover,12,774,20744.9,0.2003503466584762,0.0038268263060967644,False,7897,13,1595.7615384615385,1065.0479540871536,96.17317369390324,8,High
SOS003L04P,2117.0,1014.331384844908,1003.9457013574661,991.5127873303168,27.348928578793647,S,SOS,medium_mover,12,774,20744.9,0.1885320518875881,0.0025123242686653224,False,7844,16,1296.55625,1063.176125,97.48767573133468,8,High
SOS003L04P,2118.0,1014.331384844908,1003.9457013574661,991.5127873303168,27.54960721472488,S,SOS,medium_mover,12,774,20744.9,0.1778042706953066,0.002873611955961586,False,7816,13,1595.7615384615385,1065.0479540871536,97.1263880440384,8,High
SOS003L04P,2119.0,1014.331384844908,1003.9457013574661,991.5127873303168,27.311720612350438,S,SOS,medium_mover,12,774,20744.9,0.17574511848358418,0.001974244320251284,False,7850,17,1220.2882352941178,1000.6363529411766,98.02575567974871,8,High
SOS003L04P,2120.0,1014.331384844908,1003.9457013574661,991.5127873303168,27.325589888139536,S,SOS,medium_mover,12,774,20744.9,0.18360461752195556,0.00318282007427384,False,7848,18,1152.4944444444445,945.0454444444445,96.81717992572617,9,High
SOS003L04P,2121.0,1014.331384844908,1003.9457013574661,991.5127873303168,27.411644129085136,S,SOS,medium_mover,12,774,20744.9,0.19089978030663868,0.0022834477055602154,False,7835,16,1296.55625,1063.176125,97.71655229443978,8,High
SOS003L04P,2122.0,1014.3313848449081,1003.9457013574661,991.5127873303167,27.695614453948302,S,SOS,medium_mover,12,774,20744.9,0.2308546273148993,0.002348428440931638,False,7795,12,1728.7416666666668,1065.0479540871536,97.65157155906836,8,High
SOS005L04P,2103.0,6886.214932126697,6709.429864253394,6679.526244343891,27.553679727887328,S,SOS,fast_mover,24,2711,20744.9,0.1719349030871023,0.002625927859190247,False,20363,16,1296.55625,1063.176125,97.37407214080976,20,High
SOS005L04P,2111.0,6886.214932126697,6709.429864253394,6679.526244343892,27.47183193430967,S,SOS,fast_mover,24,2711,20744.9,0.24546419526981494,0.0014589179038375644,False,20393,12,1728.7416666666668,1417.5681666666667,98.54108209616244,15,High
SOS005L04P,2112.0,6886.214932126697,6709.429864253394,6679.526244343892,27.471396219605865,S,SOS,fast_mover,24,2711,20744.9,0.19590851632130654,0.004430874701462972,False,20393,15,1382.9933333333333,1134.0545333333332,95.56912529853703,18,High
SOS005L04P,2114.0,6886.214932126696,6709.429864253394,6679.526244343891,27.507251200179518,S,SOS,fast_mover,24,2711,20744.9,0.19907592564395385,0.001486533266015222,False,20380,17,1220.2882352941178,1000.6363529411766,98.51346673398479,21,High
SOS005L04P,2115.0,6886.214932126697,6709.429864253394,6679.526244343891,27.4775424577319,S,SOS,fast_mover,24,2711,20744.9,0.18281640851392805,0.002276068034582135,False,20391,17,1220.2882352941178,1000.6363529411766,97.72393196541786,21,High
SOS005L04P,2116.0,6886.214932126697,6709.429864253394,6679.526244343891,27.449515733274033,S,SOS,fast_mover,24,2711,20744.9,0.2003503466584762,0.0038268263060967644,False,20401,13,1595.7615384615385,1308.5244615384615,96.17317369390324,16,High
SOS005L04P,2117.0,6886.214932126697,6709.429864253394,6679.5262443438905,27.507061232470445,S,SOS,fast_mover,24,2711,20744.9,0.1885320518875881,0.0025123242686653224,False,20380,16,1296.55625,1063.176125,97.48767573133468,20,High
SOS005L04P,2118.0,6886.214932126697,6709.429864253394,6679.526244343892,27.38763579351556,S,SOS,fast_mover,24,2711,20744.9,0.1778042706953066,0.002873611955961586,False,20424,13,1595.7615384615385,1308.5244615384615,97.1263880440384,16,High
SOS005L04P,2119.0,6886.214932126697,6709.429864253394,6679.5262443438905,27.791102688886273,S,SOS,fast_mover,24,2711,20744.9,0.17574511848358418,0.001974244320251284,False,20276,17,1220.2882352941178,1000.6363529411766,98.02575567974871,21,High
SOS005L04P,2120.0,6886.214932126697,6709.429864253394,6679.526244343891,27.414146753566364,S,SOS,fast_mover,24,2711,20744.9,0.18360461752195556,0.00318282007427384,False,20414,18,1152.4944444444445,945.0454444444445,96.81717992572617,22,High
SOS005L04P,2121.0,6886.214932126696,6709.429864253394,6679.526244343891,27.611601676495543,S,SOS,fast_mover,24,2711,20744.9,0.19089978030663868,0.0022834477055602154,False,20341,16,1296.55625,1063.176125,97.71655229443978,20,High
SOS005L04P,2122.0,6886.214932126696,6709.429864253394,6679.526244343891,27.614846759114393,S,SOS,fast_mover,24,2711,20744.9,0.2308546273148993,0.002348428440931638,False,20340,12,1728.7416666666668,1417.5681666666667,97.65157155906836,15,High
SOS008L02P,2103.0,399.40723981900453,382.4027149321267,376.70096380090496,27.55915124504695,S,SOS,medium_mover,12,1356,20744.9,0.1719349030871023,0.002625927859190247,False,4904,16,1296.55625,419.3776018099548,97.37407214080976,12,Medium
SOS008L02P,2111.0,399.40723981900453,382.4027149321267,376.70096380090496,27.541949988976533,S,SOS,medium_mover,12,1356,20744.9,0.24546419526981494,0.0014589179038375644,False,4905,12,1728.7416666666668,419.3776018099548,98.54108209616244,12,Medium
SOS008L02P,2112.0,399.40723981900453,382.4027149321267,376.70096380090496,27.017226625111327,S,SOS,medium_mover,12,1356,20744.9,0.19590851632130654,0.004430874701462972,False,4952,15,1382.9933333333333,419.3776018099548,95.56912529853703,12,Medium
SOS008L02P,2114.0,399.40723981900453,382.4027149321267,376.70096380090496,27.20304359690097,S,SOS,medium_mover,12,1356,20744.9,0.19907592564395385,0.001486533266015222,False,4936,17,1220.2882352941178,419.3776018099548,98.51346673398479,12,Medium
SOS008L02P,2115.0,399.40723981900453,382.4027149321267,376.70096380090496,26.061819031314624,S,SOS,medium_mover,12,1356,20744.9,0.18281640851392805,0.002276068034582135,False,5042,17,1220.2882352941178,419.3776018099548,97.72393196541786,13,Medium
SOS008L02P,2117.0,399.40723981900453,382.4027149321267,376.70096380090496,27.913850321796023,S,SOS,medium_mover,12,1356,20744.9,0.1885320518875881,0.0025123242686653224,False,4872,16,1296.55625,419.3776018099548,97.48767573133468,12,Medium
SOS008L02P,2119.0,399.40723981900453,382.4027149321267,376.70096380090496,27.77725557020096,S,SOS,medium_mover,12,1356,20744.9,0.17574511848358418,0.001974244320251284,False,4884,17,1220.2882352941178,419.3776018099548,98.02575567974871,12,Medium
SOS008L02P,2120.0,399.40723981900453,382.4027149321267,376.70096380090496,27.667975410766108,S,SOS,medium_mover,12,1356,20744.9,0.18360461752195556,0.00318282007427384,False,4894,18,1152.4944444444445,419.3776018099548,96.81717992572617,12,Medium
SOS008L02P,2121.0,399.40723981900453,382.4027149321267,376.70096380090496,27.994896382813277,S,SOS,medium_mover,12,1356,20744.9,0.19089978030663868,0.0022834477055602154,False,4865,16,1296.55625,419.3776018099548,97.71655229443978,12,Medium
SOS008L02P,2122.0,399.40723981900453,382.4027149321267,376.70096380090496,26.60551302747752,S,SOS,medium_mover,12,1356,20744.9,0.2308546273148993,0.002348428440931638,False,4991,12,1728.7416666666668,419.3776018099548,97.65157155906836,12,Medium
SOS250M48P,2111.0,216.3257918552036,228.24886877828055,220.29393212669683,27.762161489686914,S,SOS,medium_mover,12,1356,20744.9,0.24546419526981494,0.0014589179038375644,False,3596,12,1728.7416666666668,227.1420814479638,98.54108209616244,16,Medium
SOS250M48P,2112.0,216.32579185520356,228.24886877828055,220.29393212669683,27.672584997762044,S,SOS,medium_mover,12,1356,20744.9,0.19590851632130654,0.004430874701462972,False,3601,15,1382.9933333333333,227.14208144796376,95.56912529853703,16,Medium
SOS250M48P,2114.0,216.3257918552036,228.24886877828055,220.29393212669683,27.741410395972895,S,SOS,medium_mover,12,1356,20744.9,0.19907592564395385,0.001486533266015222,False,3597,17,1220.2882352941178,227.1420814479638,98.51346673398479,16,Medium
SOS250M48P,2115.0,216.32579185520356,228.24886877828055,220.29393212669683,27.921880041640758,S,SOS,medium_mover,12,1356,20744.9,0.18281640851392805,0.002276068034582135,False,3585,17,1220.2882352941178,227.14208144796376,97.72393196541786,16,Medium
SOS250M48P,2117.0,216.32579185520356,228.24886877828055,220.29393212669683,27.926426817916663,S,SOS,medium_mover,12,1356,20744.9,0.1885320518875881,0.0025123242686653224,False,3585,16,1296.55625,227.14208144796376,97.48767573133468,16,Medium
SOS250M48P,2119.0,216.32579185520356,228.24886877828055,220.29393212669683,27.615578444432884,S,SOS,medium_mover,12,1356,20744.9,0.17574511848358418,0.001974244320251284,False,3605,17,1220.2882352941178,227.14208144796376,98.02575567974871,16,Medium
SOS250M48P,2120.0,216.32579185520356,228.24886877828055,220.29393212669683,26.94213657961604,S,SOS,medium_mover,12,1356,20744.9,0.18360461752195556,0.00318282007427384,False,3650,18,1152.4944444444445,227.14208144796376,96.81717992572617,17,Medium
SOS500M24P,2103.0,2832.778398173651,2809.185520361991,2797.3156968325793,27.53221145928588,S,SOS,fast_mover,24,2711,20744.9,0.1719349030871023,0.002625927859190247,False,13065,16,1296.55625,1063.176125,97.37407214080976,13,High
SOS500M24P,2111.0,2832.7783981736507,2809.185520361991,2797.3156968325793,27.50091182303575,S,SOS,fast_mover,24,2711,20744.9,0.24546419526981494,0.0014589179038375644,False,13073,12,1728.7416666666668,1417.5681666666667,98.54108209616244,10,High
SOS500M24P,2112.0,2832.778398173651,2809.185520361991,2797.315696832579,27.49736121424497,S,SOS,fast_mover,24,2711,20744.9,0.19590851632130654,0.004430874701462972,False,13074,15,1382.9933333333333,1134.0545333333332,95.56912529853703,12,High
SOS500M24P,2114.0,2832.778398173651,2809.185520361991,2797.3156968325793,27.572069908312027,S,SOS,fast_mover,24,2711,20744.9,0.19907592564395385,0.001486533266015222,False,13056,17,1220.2882352941178,1000.6363529411766,98.51346673398479,14,High
SOS500M24P,2115.0,2832.7783981736507,2809.185520361991,2797.3156968325793,27.471052152586523,S,SOS,fast_mover,24,2711,20744.9,0.18281640851392805,0.002276068034582135,False,13080,17,1220.2882352941178,1000.6363529411766,97.72393196541786,14,High
SOS500M24P,2116.0,2832.778398173651,2809.185520361991,2797.315696832579,27.523213059659714,S,SOS,fast_mover,24,2711,20744.9,0.2003503466584762,0.0038268263060967644,False,13067,13,1595.7615384615385,1308.5244615384615,96.17317369390324,10,High
SOS500M24P,2117.0,2832.778398173651,2809.185520361991,2797.3156968325793,27.67145784322189,S,SOS,fast_mover,24,2711,20744.9,0.1885320518875881,0.0025123242686653224,False,13032,16,1296.55625,1063.176125,97.48767573133468,13,High
SOS500M24P,2118.0,2832.7783981736507,2809.185520361991,2797.3156968325793,27.43061747515612,S,SOS,fast_mover,24,2711,20744.9,0.1778042706953066,0.002873611955961586,False,13090,13,1595.7615384615385,1308.5244615384615,97.1263880440384,11,High
SOS500M24P,2119.0,2832.7783981736507,2809.185520361991,2797.3156968325793,27.5884928319737,S,SOS,fast_mover,24,2711,20744.9,0.17574511848358418,0.001974244320251284,False,13052,17,1220.2882352941178,1000.6363529411766,98.02575567974871,14,High
SOS500M24P,2120.0,2832.778398173651,2809.185520361991,2797.3156968325793,27.348542975436136,S,SOS,fast_mover,24,2711,20744.9,0.18360461752195556,0.00318282007427384,False,13109,18,1152.4944444444445,945.0454444444445,96.81717992572617,14,High
SOS500M24P,2121.0,2832.778398173651,2809.185520361991,2797.3156968325793,27.68492568035753,S,SOS,fast_mover,24,2711,20744.9,0.19089978030663868,0.0022834477055602154,False,13029,16,1296.55625,1063.176125,97.71655229443978,13,High
SOS500M24P,2122.0,2832.7783981736507,2809.185520361991,2797.3156968325793,27.32553880385711,S,SOS,fast_mover,24,2711,20744.9,0.2308546273148993,0.002348428440931638,False,13115,12,1728.7416666666668,1417.5681666666667,97.65157155906836,10,High
